insert into catissue_site (identifier, name, type, email_address, user_id, activity_status, address_id) values (1005, 'test-site', 'Repository', 'test-site@test.com', (select max(identifier) from catissue_user), 'Active', (select max(identifier) from catissue_address));
insert into csm_protection_element (protection_element_name, protection_element_description, object_id, attribute, protection_element_type, application_id, update_date) values ('edu.wustl.catissuecore.domain.Site_1005', 'edu.wustl.catissuecore.domain.Site object', 'edu.wustl.catissuecore.domain.Site_1005', '', '', (select max(application_id) from csm_application), now());
insert into csm_pg_pe (protection_group_id, protection_element_id) values ((select protection_group_id from csm_protection_group where protection_group_name = 'PUBLIC_DATA_GROUP'), (select max(protection_element_id) from csm_protection_element));
insert into catissue_capacity (one_dimension_capacity, two_dimension_capacity) values (10, 12);
insert into catissue_container_type (capacity_id, name, one_dimension_label, two_dimension_label, activity_status) values ((select max(identifier) from catissue_capacity), 'test-storage-type', 'label1', 'label2', 'Active');
insert into catissue_storage_type (identifier, default_temperature) values ((select max(identifier) from catissue_container_type), 25.0);
insert into catissue_stor_type_spec_class (storage_type_id, specimen_class) values ((select max(identifier) from catissue_container_type), 'Cell');
insert into catissue_stor_type_spec_class (storage_type_id, specimen_class) values ((select max(identifier) from catissue_container_type), 'Tissue');
insert into catissue_stor_type_spec_class (storage_type_id, specimen_class) values ((select max(identifier) from catissue_container_type), 'Molecular');
insert into catissue_stor_type_spec_class (storage_type_id, specimen_class) values ((select max(identifier) from catissue_container_type), 'Fluid');
insert into catissue_stor_type_holds_type (storage_type_id, holds_storage_type_id) values ((select min(identifier) from catissue_storage_type), (select max(identifier) from catissue_container_type));
insert into catissue_capacity (one_dimension_capacity, two_dimension_capacity) values (12, 15);
insert into catissue_container (identifier, capacity_id, full, name, activity_status) values (1007, (select max(identifier) from catissue_capacity), false, 'test-site_test-storage-type', 'Active');
insert into catissue_storage_container (identifier, site_id, temperature, storage_type_id) values (1007, 1005, 25.0, (select max(identifier) from catissue_container_type));
insert into catissue_st_cont_st_type_rel (storage_container_id, storage_type_id) values (1007, (select max(identifier) from catissue_container_type));
insert into catissue_stor_cont_spec_class (storage_container_id, specimen_class) values (1007, 'Cell');
insert into catissue_stor_cont_spec_class (storage_container_id, specimen_class) values (1007, 'Tissue');
insert into catissue_stor_cont_spec_class (storage_container_id, specimen_class) values (1007, 'Molecular');
insert into catissue_stor_cont_spec_class (storage_container_id, specimen_class) values (1007, 'Fluid');



insert into catissue_specimen_char (identifier, tissue_site, tissue_side) values (1001, 'Not Specified', 'Not Specified');
insert into catissue_abstract_specimen (identifier, specimen_class, specimen_type, lineage, pathological_status, specimen_characteristics_id, initial_quantity) values (1001, 'Tissue', 'Fixed Tissue Slide', 'New', 'Not Specified', 1001, 0.0);
insert into catissue_specimen_event_param (identifier, specimen_id, user_id) values (1001, 1001, (select max(identifier) from catissue_user));
insert into catissue_specimen_event_param (identifier, specimen_id, user_id) values (1002, 1001, (select max(identifier) from catissue_user));
insert into catissue_coll_event_param (identifier, collection_procedure, container) values (1001, 'Not Specified', 'Not Specified');
insert into catissue_received_event_param (identifier, received_quality) values (1002, 'Not Specified');
insert into catissue_abs_speci_coll_group (identifier, clinical_diagnosis, clinical_status, activity_status) values (1001, 'Trabecular adenocarcinoma', 'Not Specified', 'Active');
insert into catissue_specimen_protocol (identifier, principal_investigator_id, title, short_title, start_date, enrollment, activity_status) values (1009, (select max(identifier) from catissue_user), 'test-caTissue-protocol-1', 'test-caTissue-protocol-1', '2009-03-01', 0, 'Active');
insert into catissue_collection_protocol (identifier, unsigned_consent_doc_url, aliquot_in_same_container, consents_waived) values (1009, 'http://www.google.com', false, false);
insert into catissue_coll_prot_event (identifier, collection_point_label, study_calendar_event_point, collection_protocol_id) values (1001, 'test-label-1', 1.0, 1009);
insert into catissue_cp_req_specimen (identifier, storage_type, collection_protocol_event_id) values (1001, 'Virtual', 1001);
insert into catissue_tissue_req_specimen (identifier) values (1001);
insert into catissue_st_cont_coll_prot_rel (storage_container_id, collection_protocol_id) values (1007, 1009);

insert into catissue_participant (identifier, last_name, first_name, middle_name, birth_date, gender, genotype, ethnicity, social_security_number, activity_status, vital_status) values (1005, 'Test', 'PCH Patient 1-1', '', '2009-03-01', 'Male Gender', 'Unknown', 'Hispanic or Latino', '111-11-1111', 'Active', 'Unknown');
insert into catissue_race (participant_id, race_name) values (1005, 'Black or African American');
insert into catissue_part_medical_id (participant_id, site_id, medical_record_number) values (1005, 1005, 'test-PCH-1-1');
insert into catissue_coll_prot_reg (protocol_participant_id, registration_date, participant_id, collection_protocol_id, activity_status) values ('test-reg-PCH-1-1', '2009-03-02', 1005, 1009, 'Active');

insert into catissue_abs_speci_coll_group (identifier, clinical_diagnosis, clinical_status, activity_status, site_id) values (1008, 'Spindle cell carcinoma', 'Not Specified', 'Active', 1005);
insert into catissue_specimen_coll_group (identifier, name, barcode, comments, encounter_timestamp, collection_protocol_reg_id, surgical_pathology_number, collection_protocol_event_id, collection_status, date_offset) values (1008, 'test-scg-1-1-1', null, '', null, (select max(identifier) from catissue_coll_prot_reg), '', 1001, 'Complete', 0);
insert into catissue_specimen_event_param (identifier, specimen_coll_grp_id, user_id, event_timestamp) values (1003, 1008, (select max(identifier) from catissue_user), '2010-04-01');
insert into catissue_specimen_event_param (identifier, specimen_coll_grp_id, user_id, event_timestamp) values (1004, 1008, (select max(identifier) from catissue_user), '2010-04-01');
insert into catissue_coll_event_param (identifier, collection_procedure, container) values (1003, 'Indwelling Catheter', 'Use CP Defaults');
insert into catissue_received_event_param (identifier, received_quality) values (1004, 'Use CP Defaults');
insert into catissue_specimen_char (identifier, tissue_site, tissue_side) values (1002, 'Breast, NOS', 'Not Specified');
insert into catissue_abstract_specimen (identifier, specimen_class, specimen_type, lineage, pathological_status, specimen_characteristics_id, initial_quantity) values (1006, 'Tissue', 'Frozen Tissue', 'New', 'Not Specified', 1002, 50.0);
insert into catissue_specimen (identifier, label, available, barcode, comments, activity_status, specimen_collection_group_id, req_specimen_id, available_quantity, created_on_date, collection_status) values (1006, 'test-PCH-1-1-1', true, 'test-PCH-1-1-1', null, 'Active', 1008, 1001, 50.0, '2010-04-01', 'Collected');
insert into catissue_tissue_specimen (identifier) values (1006);
insert into catissue_external_identifier (specimen_id) values (1006);
insert into catissue_specimen_event_param (identifier, specimen_id, user_id, event_timestamp) values (1005, 1006, (select max(identifier) from catissue_user), '2010-04-01');
insert into catissue_specimen_event_param (identifier, specimen_id, user_id, event_timestamp) values (1006, 1006, (select max(identifier) from catissue_user), '2010-04-01');
insert into catissue_coll_event_param (identifier, collection_procedure, container) values (1005, 'Not Specified', 'Not Specified');
insert into catissue_received_event_param (identifier, received_quality) values (1006, 'Not Specified');
insert into catissue_abstract_position (position_dimension_one, position_dimension_two) values (1, 1);
insert into catissue_specimen_position (identifier, specimen_id, container_id) values ((select max(identifier) from catissue_abstract_position), 1006, 1007);
insert into DE_E_1984 (IDENTIFIER, DYEXTN_AS_4_1971, DE_AT_1988, DE_AT_1989, DE_AT_1990, DE_AT_1994, DE_AT_1996, DE_AT_1995, activity_status, DE_AT_1993) values (1006, 1006, false, 15, 25, -100, 75, 15, 'Active', 'DMSO');
insert into catissue_audit_event (identifier, ip_address, event_timestamp, user_id, comments) values (100010, null, now(), (select max(identifier) from catissue_user), '');
insert into catissue_audit_event_log (identifier, object_identifier, object_name, event_type, audit_event_id) values (100010, 1006, 'catissue_tissue_specimen', 'INSERT', 100010);
insert into catissue_audit_event_details (identifier, element_name, previous_value, current_value, audit_event_log_id) values (100010, 'BARCODE', null, 'test-PCH-1-1-1', 100010);

insert into catissue_abs_speci_coll_group (identifier, clinical_diagnosis, clinical_status, activity_status, site_id) values (1018, 'Trabecular adenocarcinoma', 'Not Specified', 'Active', 1005);
insert into catissue_specimen_coll_group (identifier, name, barcode, comments, encounter_timestamp, collection_protocol_reg_id, surgical_pathology_number, collection_protocol_event_id, collection_status, date_offset) values (1018, 'test-scg-1-1-2', null, '', null, (select max(identifier) from catissue_coll_prot_reg), '', 1001, 'Complete', 0);
insert into catissue_specimen_event_param (identifier, specimen_coll_grp_id, user_id, event_timestamp) values (1013, 1018, (select max(identifier) from catissue_user), '2010-04-01');
insert into catissue_specimen_event_param (identifier, specimen_coll_grp_id, user_id, event_timestamp) values (1014, 1018, (select max(identifier) from catissue_user), '2010-04-01');
insert into catissue_coll_event_param (identifier, collection_procedure, container) values (1013, 'Needle Core Biopsy', 'Use CP Defaults');
insert into catissue_received_event_param (identifier, received_quality) values (1014, 'Use CP Defaults');
insert into catissue_specimen_char (identifier, tissue_site, tissue_side) values (1012, 'Adrenal gland, NOS', 'Not Specified');
insert into catissue_abstract_specimen (identifier, specimen_class, specimen_type, lineage, pathological_status, specimen_characteristics_id, initial_quantity) values (1016, 'Cell', 'Frozen Cell Pellet', 'New', 'Not Specified', 1012, 50.0);
insert into catissue_specimen (identifier, label, available, barcode, comments, activity_status, specimen_collection_group_id, req_specimen_id, available_quantity, created_on_date, collection_status) values (1016, 'test-PCH-1-1-2', true, 'test-PCH-1-1-2', null, 'Active', 1018, 1001, 55.0, '2010-04-01', 'Collected');
insert into catissue_cell_specimen (identifier) values (1016);
insert into catissue_external_identifier (specimen_id) values (1016);
insert into catissue_specimen_event_param (identifier, specimen_id, user_id, event_timestamp) values (1015, 1016, (select max(identifier) from catissue_user), '2010-04-01');
insert into catissue_specimen_event_param (identifier, specimen_id, user_id, event_timestamp) values (1016, 1016, (select max(identifier) from catissue_user), '2010-04-01');
insert into catissue_coll_event_param (identifier, collection_procedure, container) values (1015, 'Not Specified', 'Not Specified');
insert into catissue_received_event_param (identifier, received_quality) values (1016, 'Not Specified');
insert into catissue_abstract_position (position_dimension_one, position_dimension_two) values (1, 1);
insert into catissue_specimen_position (identifier, specimen_id, container_id) values ((select max(identifier) from catissue_abstract_position), 1016, 1007);
insert into DE_E_1984 (IDENTIFIER, DYEXTN_AS_4_1971, DE_AT_1988, DE_AT_1989, DE_AT_1990, DE_AT_1994, DE_AT_1996, DE_AT_1995, activity_status, DE_AT_1993) values (1016, 1016, true, null, null, -80, 50, 30, 'Active', 'Fresh (None)');
insert into catissue_audit_event (identifier, ip_address, event_timestamp, user_id, comments) values (101010, null, now(), (select max(identifier) from catissue_user), '');
insert into catissue_audit_event_log (identifier, object_identifier, object_name, event_type, audit_event_id) values (101010, 1016, 'catissue_tissue_specimen', 'INSERT', 101010);
insert into catissue_audit_event_details (identifier, element_name, previous_value, current_value, audit_event_log_id) values (101010, 'BARCODE', null, 'test-PCH-1-1-2', 101010);

insert into catissue_abs_speci_coll_group (identifier, clinical_diagnosis, clinical_status, activity_status, site_id) values (1028, 'Teratocarcinoma', 'Not Specified', 'Active', 1005);
insert into catissue_specimen_coll_group (identifier, name, barcode, comments, encounter_timestamp, collection_protocol_reg_id, surgical_pathology_number, collection_protocol_event_id, collection_status, date_offset) values (1028, 'test-scg-1-1-3', null, '', null, (select max(identifier) from catissue_coll_prot_reg), '', 1001, 'Complete', 0);
insert into catissue_specimen_event_param (identifier, specimen_coll_grp_id, user_id, event_timestamp) values (1023, 1028, (select max(identifier) from catissue_user), '2010-04-01');
insert into catissue_specimen_event_param (identifier, specimen_coll_grp_id, user_id, event_timestamp) values (1024, 1028, (select max(identifier) from catissue_user), '2010-04-01');
insert into catissue_coll_event_param (identifier, collection_procedure, container) values (1023, 'Surgical Resection', 'Use CP Defaults');
insert into catissue_received_event_param (identifier, received_quality) values (1024, 'Use CP Defaults');
insert into catissue_specimen_char (identifier, tissue_site, tissue_side) values (1022, 'Biliary tract, NOS', 'Not Specified');
insert into catissue_abstract_specimen (identifier, specimen_class, specimen_type, lineage, pathological_status, specimen_characteristics_id, initial_quantity) values (1026, 'Molecular', 'Whole Genome Amplified DNA', 'New', 'Not Specified', 1022, 50.0);
insert into catissue_specimen (identifier, label, available, barcode, comments, activity_status, specimen_collection_group_id, req_specimen_id, available_quantity, created_on_date, collection_status) values (1026, 'test-PCH-1-1-3', true, 'test-PCH-1-1-3', null, 'Active', 1028, 1001, 60.0, '2010-04-01', 'Collected');
insert into catissue_molecular_specimen (identifier) values (1026);
insert into catissue_external_identifier (specimen_id) values (1026);
insert into catissue_specimen_event_param (identifier, specimen_id, user_id, event_timestamp) values (1025, 1026, (select max(identifier) from catissue_user), '2010-04-01');
insert into catissue_specimen_event_param (identifier, specimen_id, user_id, event_timestamp) values (1026, 1026, (select max(identifier) from catissue_user), '2010-04-01');
insert into catissue_coll_event_param (identifier, collection_procedure, container) values (1025, 'Not Specified', 'Not Specified');
insert into catissue_received_event_param (identifier, received_quality) values (1026, 'Not Specified');
insert into catissue_abstract_position (position_dimension_one, position_dimension_two) values (1, 1);
insert into catissue_specimen_position (identifier, specimen_id, container_id) values ((select max(identifier) from catissue_abstract_position), 1026, 1007);
insert into DE_E_1984 (IDENTIFIER, DYEXTN_AS_4_1971, DE_AT_1988, DE_AT_1989, DE_AT_1990, DE_AT_1994, DE_AT_1996, DE_AT_1995, activity_status, DE_AT_1993) values (1026, 1026, false, 20, 30, -100, 75, 15, 'Active', 'Frozen - Liquid Nitrogen');
insert into catissue_audit_event (identifier, ip_address, event_timestamp, user_id, comments) values (102010, null, now(), (select max(identifier) from catissue_user), '');
insert into catissue_audit_event_log (identifier, object_identifier, object_name, event_type, audit_event_id) values (102010, 1026, 'catissue_tissue_specimen', 'INSERT', 102010);
insert into catissue_audit_event_details (identifier, element_name, previous_value, current_value, audit_event_log_id) values (102010, 'BARCODE', null, 'test-PCH-1-1-3', 102010);


insert into catissue_participant (identifier, last_name, first_name, middle_name, birth_date, gender, genotype, ethnicity, social_security_number, activity_status, vital_status) values (1015, 'Test', 'PCH Patient 1-2', '', '2009-03-01', 'Female Gender', 'Unknown', 'Hispanic or Latino', '222-22-2222', 'Active', 'Unknown');
insert into catissue_race (participant_id, race_name) values (1015, 'American Indian or Alaska Native');
insert into catissue_part_medical_id (participant_id, site_id, medical_record_number) values (1015, 1005, 'test-PCH-1-2');
insert into catissue_coll_prot_reg (protocol_participant_id, registration_date, participant_id, collection_protocol_id, activity_status) values ('test-reg-PCH-1-2', '2009-03-02', 1015, 1009, 'Active');

insert into catissue_abs_speci_coll_group (identifier, clinical_diagnosis, clinical_status, activity_status, site_id) values (1038, 'Pleomorphic carcinoma', 'Not Specified', 'Active', 1005);
insert into catissue_specimen_coll_group (identifier, name, barcode, comments, encounter_timestamp, collection_protocol_reg_id, surgical_pathology_number, collection_protocol_event_id, collection_status, date_offset) values (1038, 'test-scg-1-2-1', null, '', null, (select max(identifier) from catissue_coll_prot_reg), '', 1001, 'Complete', 0);
insert into catissue_specimen_event_param (identifier, specimen_coll_grp_id, user_id, event_timestamp) values (1033, 1038, (select max(identifier) from catissue_user), '2010-04-01');
insert into catissue_specimen_event_param (identifier, specimen_coll_grp_id, user_id, event_timestamp) values (1034, 1038, (select max(identifier) from catissue_user), '2010-04-01');
insert into catissue_coll_event_param (identifier, collection_procedure, container) values (1033, 'Indwelling Catheter', 'Use CP Defaults');
insert into catissue_received_event_param (identifier, received_quality) values (1034, 'Use CP Defaults');
insert into catissue_specimen_char (identifier, tissue_site, tissue_side) values (1032, 'Bladder, NOS', 'Not Specified');
insert into catissue_abstract_specimen (identifier, specimen_class, specimen_type, lineage, pathological_status, specimen_characteristics_id, initial_quantity) values (1036, 'Tissue', 'Frozen Tissue', 'New', 'Not Specified', 1032, 50.0);
insert into catissue_specimen (identifier, label, available, barcode, comments, activity_status, specimen_collection_group_id, req_specimen_id, available_quantity, created_on_date, collection_status) values (1036, 'test-PCH-1-2-1', true, 'test-PCH-1-2-1', null, 'Active', 1038, 1001, 50.0, '2010-04-01', 'Collected');
insert into catissue_tissue_specimen (identifier) values (1036);
insert into catissue_external_identifier (specimen_id) values (1036);
insert into catissue_specimen_event_param (identifier, specimen_id, user_id, event_timestamp) values (1035, 1036, (select max(identifier) from catissue_user), '2010-04-01');
insert into catissue_specimen_event_param (identifier, specimen_id, user_id, event_timestamp) values (1036, 1036, (select max(identifier) from catissue_user), '2010-04-01');
insert into catissue_coll_event_param (identifier, collection_procedure, container) values (1035, 'Not Specified', 'Not Specified');
insert into catissue_received_event_param (identifier, received_quality) values (1036, 'Not Specified');
insert into catissue_abstract_position (position_dimension_one, position_dimension_two) values (1, 1);
insert into catissue_specimen_position (identifier, specimen_id, container_id) values ((select max(identifier) from catissue_abstract_position), 1036, 1007);
insert into DE_E_1984 (IDENTIFIER, DYEXTN_AS_4_1971, DE_AT_1988, DE_AT_1989, DE_AT_1990, DE_AT_1994, DE_AT_1996, DE_AT_1995, activity_status, DE_AT_1993) values (1036, 1036, true, null, null, -80, 50, 30, 'Active', 'Frozen - Other Methods');
insert into catissue_audit_event (identifier, ip_address, event_timestamp, user_id, comments) values (103010, null, now(), (select max(identifier) from catissue_user), '');
insert into catissue_audit_event_log (identifier, object_identifier, object_name, event_type, audit_event_id) values (103010, 1036, 'catissue_tissue_specimen', 'INSERT', 103010);
insert into catissue_audit_event_details (identifier, element_name, previous_value, current_value, audit_event_log_id) values (103010, 'BARCODE', null, 'test-PCH-1-2-1', 103010);

insert into catissue_abs_speci_coll_group (identifier, clinical_diagnosis, clinical_status, activity_status, site_id) values (1048, 'Oxyphilic adenocarcinoma', 'Not Specified', 'Active', 1005);
insert into catissue_specimen_coll_group (identifier, name, barcode, comments, encounter_timestamp, collection_protocol_reg_id, surgical_pathology_number, collection_protocol_event_id, collection_status, date_offset) values (1048, 'test-scg-1-2-2', null, '', null, (select max(identifier) from catissue_coll_prot_reg), '', 1001, 'Complete', 0);
insert into catissue_specimen_event_param (identifier, specimen_coll_grp_id, user_id, event_timestamp) values (1043, 1048, (select max(identifier) from catissue_user), '2010-04-01');
insert into catissue_specimen_event_param (identifier, specimen_coll_grp_id, user_id, event_timestamp) values (1044, 1048, (select max(identifier) from catissue_user), '2010-04-01');
insert into catissue_coll_event_param (identifier, collection_procedure, container) values (1043, 'Needle Core Biopsy', 'Use CP Defaults');
insert into catissue_received_event_param (identifier, received_quality) values (1044, 'Use CP Defaults');
insert into catissue_specimen_char (identifier, tissue_site, tissue_side) values (1042, 'Bone of limb, NOS', 'Not Specified');
insert into catissue_abstract_specimen (identifier, specimen_class, specimen_type, lineage, pathological_status, specimen_characteristics_id, initial_quantity) values (1046, 'Cell', 'Frozen Cell Pellet', 'New', 'Not Specified', 1042, 50.0);
insert into catissue_specimen (identifier, label, available, barcode, comments, activity_status, specimen_collection_group_id, req_specimen_id, available_quantity, created_on_date, collection_status) values (1046, 'test-PCH-1-2-2', true, 'test-PCH-1-2-2', null, 'Active', 1048, 1001, 65.0, '2010-04-01', 'Collected');
insert into catissue_cell_specimen (identifier) values (1046);
insert into catissue_external_identifier (specimen_id) values (1046);
insert into catissue_specimen_event_param (identifier, specimen_id, user_id, event_timestamp) values (1045, 1046, (select max(identifier) from catissue_user), '2010-04-01');
insert into catissue_specimen_event_param (identifier, specimen_id, user_id, event_timestamp) values (1046, 1046, (select max(identifier) from catissue_user), '2010-04-01');
insert into catissue_coll_event_param (identifier, collection_procedure, container) values (1045, 'Not Specified', 'Not Specified');
insert into catissue_received_event_param (identifier, received_quality) values (1046, 'Not Specified');
insert into catissue_abstract_position (position_dimension_one, position_dimension_two) values (1, 1);
insert into catissue_specimen_position (identifier, specimen_id, container_id) values ((select max(identifier) from catissue_abstract_position), 1046, 1007);
insert into DE_E_1984 (IDENTIFIER, DYEXTN_AS_4_1971, DE_AT_1988, DE_AT_1989, DE_AT_1990, DE_AT_1994, DE_AT_1996, DE_AT_1995, activity_status, DE_AT_1993) values (1046, 1046, false, 25, 35, -100, 75, 15, 'Active', 'Fixed Ethanol Tissue');
insert into catissue_audit_event (identifier, ip_address, event_timestamp, user_id, comments) values (104010, null, now(), (select max(identifier) from catissue_user), '');
insert into catissue_audit_event_log (identifier, object_identifier, object_name, event_type, audit_event_id) values (104010, 1046, 'catissue_tissue_specimen', 'INSERT', 104010);
insert into catissue_audit_event_details (identifier, element_name, previous_value, current_value, audit_event_log_id) values (104010, 'BARCODE', null, 'test-PCH-1-2-2', 104010);

insert into catissue_abs_speci_coll_group (identifier, clinical_diagnosis, clinical_status, activity_status, site_id) values (1058, 'Mixed cell adenocarcinoma', 'Not Specified', 'Active', 1005);
insert into catissue_specimen_coll_group (identifier, name, barcode, comments, encounter_timestamp, collection_protocol_reg_id, surgical_pathology_number, collection_protocol_event_id, collection_status, date_offset) values (1058, 'test-scg-1-2-3', null, '', null, (select max(identifier) from catissue_coll_prot_reg), '', 1001, 'Complete', 0);
insert into catissue_specimen_event_param (identifier, specimen_coll_grp_id, user_id, event_timestamp) values (1053, 1058, (select max(identifier) from catissue_user), '2010-04-01');
insert into catissue_specimen_event_param (identifier, specimen_coll_grp_id, user_id, event_timestamp) values (1054, 1058, (select max(identifier) from catissue_user), '2010-04-01');
insert into catissue_coll_event_param (identifier, collection_procedure, container) values (1053, 'Surgical Resection', 'Use CP Defaults');
insert into catissue_received_event_param (identifier, received_quality) values (1054, 'Use CP Defaults');
insert into catissue_specimen_char (identifier, tissue_site, tissue_side) values (1052, 'Bone, NOS', 'Not Specified');
insert into catissue_abstract_specimen (identifier, specimen_class, specimen_type, lineage, pathological_status, specimen_characteristics_id, initial_quantity) values (1056, 'Molecular', 'Whole Genome Amplified DNA', 'New', 'Not Specified', 1052, 50.0);
insert into catissue_specimen (identifier, label, available, barcode, comments, activity_status, specimen_collection_group_id, req_specimen_id, available_quantity, created_on_date, collection_status) values (1056, 'test-PCH-1-2-3', true, 'test-PCH-1-2-3', null, 'Active', 1058, 1001, 70.0, '2010-04-01', 'Collected');
insert into catissue_molecular_specimen (identifier) values (1056);
insert into catissue_external_identifier (specimen_id) values (1056);
insert into catissue_specimen_event_param (identifier, specimen_id, user_id, event_timestamp) values (1055, 1056, (select max(identifier) from catissue_user), '2010-04-01');
insert into catissue_specimen_event_param (identifier, specimen_id, user_id, event_timestamp) values (1056, 1056, (select max(identifier) from catissue_user), '2010-04-01');
insert into catissue_coll_event_param (identifier, collection_procedure, container) values (1055, 'Not Specified', 'Not Specified');
insert into catissue_received_event_param (identifier, received_quality) values (1056, 'Not Specified');
insert into catissue_abstract_position (position_dimension_one, position_dimension_two) values (1, 1);
insert into catissue_specimen_position (identifier, specimen_id, container_id) values ((select max(identifier) from catissue_abstract_position), 1056, 1007);
insert into DE_E_1984 (IDENTIFIER, DYEXTN_AS_4_1971, DE_AT_1988, DE_AT_1989, DE_AT_1990, DE_AT_1994, DE_AT_1996, DE_AT_1995, activity_status, DE_AT_1993) values (1056, 1056, true, null, null, -80, 50, 30, 'Active', 'Fixed Ethanol Slide');
insert into catissue_audit_event (identifier, ip_address, event_timestamp, user_id, comments) values (105010, null, now(), (select max(identifier) from catissue_user), '');
insert into catissue_audit_event_log (identifier, object_identifier, object_name, event_type, audit_event_id) values (105010, 1056, 'catissue_tissue_specimen', 'INSERT', 105010);
insert into catissue_audit_event_details (identifier, element_name, previous_value, current_value, audit_event_log_id) values (105010, 'BARCODE', null, 'test-PCH-1-2-3', 105010);


insert into catissue_participant (identifier, last_name, first_name, middle_name, birth_date, gender, genotype, ethnicity, social_security_number, activity_status, vital_status) values (1025, 'Test', 'PCH Patient 1-3', '', '2009-03-01', 'Unknown', 'Unknown', 'Not Hispanic or Latino', '333-33-3333', 'Active', 'Unknown');
insert into catissue_race (participant_id, race_name) values (1025, 'Asian');
insert into catissue_part_medical_id (participant_id, site_id, medical_record_number) values (1025, 1005, 'test-PCH-1-3');
insert into catissue_coll_prot_reg (protocol_participant_id, registration_date, participant_id, collection_protocol_id, activity_status) values ('test-reg-PCH-1-3', '2009-03-02', 1025, 1009, 'Active');

insert into catissue_abs_speci_coll_group (identifier, clinical_diagnosis, clinical_status, activity_status, site_id) values (1068, 'Lipid-rich carcinoma', 'Not Specified', 'Active', 1005);
insert into catissue_specimen_coll_group (identifier, name, barcode, comments, encounter_timestamp, collection_protocol_reg_id, surgical_pathology_number, collection_protocol_event_id, collection_status, date_offset) values (1068, 'test-scg-1-3-1', null, '', null, (select max(identifier) from catissue_coll_prot_reg), '', 1001, 'Complete', 0);
insert into catissue_specimen_event_param (identifier, specimen_coll_grp_id, user_id, event_timestamp) values (1063, 1068, (select max(identifier) from catissue_user), '2010-04-01');
insert into catissue_specimen_event_param (identifier, specimen_coll_grp_id, user_id, event_timestamp) values (1064, 1068, (select max(identifier) from catissue_user), '2010-04-01');
insert into catissue_coll_event_param (identifier, collection_procedure, container) values (1063, 'Indwelling Catheter', 'Use CP Defaults');
insert into catissue_received_event_param (identifier, received_quality) values (1064, 'Use CP Defaults');
insert into catissue_specimen_char (identifier, tissue_site, tissue_side) values (1062, 'Brain, NOS', 'Not Specified');
insert into catissue_abstract_specimen (identifier, specimen_class, specimen_type, lineage, pathological_status, specimen_characteristics_id, initial_quantity) values (1066, 'Tissue', 'Frozen Tissue', 'New', 'Not Specified', 1062, 50.0);
insert into catissue_specimen (identifier, label, available, barcode, comments, activity_status, specimen_collection_group_id, req_specimen_id, available_quantity, created_on_date, collection_status) values (1066, 'test-PCH-1-3-1', true, 'test-PCH-1-3-1', null, 'Active', 1068, 1001, 75.0, '2010-04-01', 'Collected');
insert into catissue_tissue_specimen (identifier) values (1066);
insert into catissue_external_identifier (specimen_id) values (1066);
insert into catissue_specimen_event_param (identifier, specimen_id, user_id, event_timestamp) values (1065, 1066, (select max(identifier) from catissue_user), '2010-04-01');
insert into catissue_specimen_event_param (identifier, specimen_id, user_id, event_timestamp) values (1066, 1066, (select max(identifier) from catissue_user), '2010-04-01');
insert into catissue_coll_event_param (identifier, collection_procedure, container) values (1065, 'Not Specified', 'Not Specified');
insert into catissue_received_event_param (identifier, received_quality) values (1066, 'Not Specified');
insert into catissue_abstract_position (position_dimension_one, position_dimension_two) values (1, 1);
insert into catissue_specimen_position (identifier, specimen_id, container_id) values ((select max(identifier) from catissue_abstract_position), 1066, 1007);
insert into DE_E_1984 (IDENTIFIER, DYEXTN_AS_4_1971, DE_AT_1988, DE_AT_1989, DE_AT_1990, DE_AT_1994, DE_AT_1996, DE_AT_1995, activity_status, DE_AT_1993) values (1066, 1066, false, 30, 40, -100, 75, 15, 'Active', 'Fixed Formalin');
insert into catissue_audit_event (identifier, ip_address, event_timestamp, user_id, comments) values (106010, null, now(), (select max(identifier) from catissue_user), '');
insert into catissue_audit_event_log (identifier, object_identifier, object_name, event_type, audit_event_id) values (106010, 1066, 'catissue_tissue_specimen', 'INSERT', 106010);
insert into catissue_audit_event_details (identifier, element_name, previous_value, current_value, audit_event_log_id) values (106010, 'BARCODE', null, 'test-PCH-1-3-1', 106010);

insert into catissue_abs_speci_coll_group (identifier, clinical_diagnosis, clinical_status, activity_status, site_id) values (1078, 'Islet cell carcinoma', 'Not Specified', 'Active', 1005);
insert into catissue_specimen_coll_group (identifier, name, barcode, comments, encounter_timestamp, collection_protocol_reg_id, surgical_pathology_number, collection_protocol_event_id, collection_status, date_offset) values (1078, 'test-scg-1-3-2', null, '', null, (select max(identifier) from catissue_coll_prot_reg), '', 1001, 'Complete', 0);
insert into catissue_specimen_event_param (identifier, specimen_coll_grp_id, user_id, event_timestamp) values (1073, 1078, (select max(identifier) from catissue_user), '2010-04-01');
insert into catissue_specimen_event_param (identifier, specimen_coll_grp_id, user_id, event_timestamp) values (1074, 1078, (select max(identifier) from catissue_user), '2010-04-01');
insert into catissue_coll_event_param (identifier, collection_procedure, container) values (1073, 'Needle Core Biopsy', 'Use CP Defaults');
insert into catissue_received_event_param (identifier, received_quality) values (1074, 'Use CP Defaults');
insert into catissue_specimen_char (identifier, tissue_site, tissue_side) values (1072, 'Cerebellum, NOS', 'Not Specified');
insert into catissue_abstract_specimen (identifier, specimen_class, specimen_type, lineage, pathological_status, specimen_characteristics_id, initial_quantity) values (1076, 'Cell', 'Frozen Cell Pellet', 'New', 'Not Specified', 1072, 50.0);
insert into catissue_specimen (identifier, label, available, barcode, comments, activity_status, specimen_collection_group_id, req_specimen_id, available_quantity, created_on_date, collection_status) values (1076, 'test-PCH-1-3-2', true, 'test-PCH-1-3-2', null, 'Active', 1078, 1001, 80.0, '2010-04-01', 'Collected');
insert into catissue_cell_specimen (identifier) values (1076);
insert into catissue_external_identifier (specimen_id) values (1076);
insert into catissue_specimen_event_param (identifier, specimen_id, user_id, event_timestamp) values (1075, 1076, (select max(identifier) from catissue_user), '2010-04-01');
insert into catissue_specimen_event_param (identifier, specimen_id, user_id, event_timestamp) values (1076, 1076, (select max(identifier) from catissue_user), '2010-04-01');
insert into catissue_coll_event_param (identifier, collection_procedure, container) values (1075, 'Not Specified', 'Not Specified');
insert into catissue_received_event_param (identifier, received_quality) values (1076, 'Not Specified');
insert into catissue_abstract_position (position_dimension_one, position_dimension_two) values (1, 1);
insert into catissue_specimen_position (identifier, specimen_id, container_id) values ((select max(identifier) from catissue_abstract_position), 1076, 1007);
insert into DE_E_1984 (IDENTIFIER, DYEXTN_AS_4_1971, DE_AT_1988, DE_AT_1989, DE_AT_1990, DE_AT_1994, DE_AT_1996, DE_AT_1995, activity_status, DE_AT_1993) values (1076, 1076, true, null, null, -80, 50, 30, 'Active', 'OCT');
insert into catissue_audit_event (identifier, ip_address, event_timestamp, user_id, comments) values (107010, null, now(), (select max(identifier) from catissue_user), '');
insert into catissue_audit_event_log (identifier, object_identifier, object_name, event_type, audit_event_id) values (107010, 1076, 'catissue_tissue_specimen', 'INSERT', 107010);
insert into catissue_audit_event_details (identifier, element_name, previous_value, current_value, audit_event_log_id) values (107010, 'BARCODE', null, 'test-PCH-1-3-2', 107010);

insert into catissue_abs_speci_coll_group (identifier, clinical_diagnosis, clinical_status, activity_status, site_id) values (1088, 'Metatypical carcinoma', 'Not Specified', 'Active', 1005);
insert into catissue_specimen_coll_group (identifier, name, barcode, comments, encounter_timestamp, collection_protocol_reg_id, surgical_pathology_number, collection_protocol_event_id, collection_status, date_offset) values (1088, 'test-scg-1-3-3', null, '', null, (select max(identifier) from catissue_coll_prot_reg), '', 1001, 'Complete', 0);
insert into catissue_specimen_event_param (identifier, specimen_coll_grp_id, user_id, event_timestamp) values (1083, 1088, (select max(identifier) from catissue_user), '2010-04-01');
insert into catissue_specimen_event_param (identifier, specimen_coll_grp_id, user_id, event_timestamp) values (1084, 1088, (select max(identifier) from catissue_user), '2010-04-01');
insert into catissue_coll_event_param (identifier, collection_procedure, container) values (1083, 'Surgical Resection', 'Use CP Defaults');
insert into catissue_received_event_param (identifier, received_quality) values (1084, 'Use CP Defaults');
insert into catissue_specimen_char (identifier, tissue_site, tissue_side) values (1082, 'Ventricle, NOS', 'Not Specified');
insert into catissue_abstract_specimen (identifier, specimen_class, specimen_type, lineage, pathological_status, specimen_characteristics_id, initial_quantity) values (1086, 'Molecular', 'Whole Genome Amplified DNA', 'New', 'Not Specified', 1082, 50.0);
insert into catissue_specimen (identifier, label, available, barcode, comments, activity_status, specimen_collection_group_id, req_specimen_id, available_quantity, created_on_date, collection_status) values (1086, 'test-PCH-1-3-3', true, 'test-PCH-1-3-3', null, 'Active', 1088, 1001, 85.0, '2010-04-01', 'Collected');
insert into catissue_molecular_specimen (identifier) values (1086);
insert into catissue_external_identifier (specimen_id) values (1086);
insert into catissue_specimen_event_param (identifier, specimen_id, user_id, event_timestamp) values (1085, 1086, (select max(identifier) from catissue_user), '2010-04-01');
insert into catissue_specimen_event_param (identifier, specimen_id, user_id, event_timestamp) values (1086, 1086, (select max(identifier) from catissue_user), '2010-04-01');
insert into catissue_coll_event_param (identifier, collection_procedure, container) values (1085, 'Not Specified', 'Not Specified');
insert into catissue_received_event_param (identifier, received_quality) values (1086, 'Not Specified');
insert into catissue_abstract_position (position_dimension_one, position_dimension_two) values (1, 1);
insert into catissue_specimen_position (identifier, specimen_id, container_id) values ((select max(identifier) from catissue_abstract_position), 1086, 1007);
insert into DE_E_1984 (IDENTIFIER, DYEXTN_AS_4_1971, DE_AT_1988, DE_AT_1989, DE_AT_1990, DE_AT_1994, DE_AT_1996, DE_AT_1995, activity_status, DE_AT_1993) values (1086, 1086, false, 35, 45, -100, 75, 15, 'Active', 'Other Preservative');
insert into catissue_audit_event (identifier, ip_address, event_timestamp, user_id, comments) values (108010, null, now(), (select max(identifier) from catissue_user), '');
insert into catissue_audit_event_log (identifier, object_identifier, object_name, event_type, audit_event_id) values (108010, 1086, 'catissue_tissue_specimen', 'INSERT', 108010);
insert into catissue_audit_event_details (identifier, element_name, previous_value, current_value, audit_event_log_id) values (108010, 'BARCODE', null, 'test-PCH-1-3-3', 108010);



insert into catissue_specimen_char (identifier, tissue_site, tissue_side) values (1101, 'Not Specified', 'Not Specified');
insert into catissue_abstract_specimen (identifier, specimen_class, specimen_type, lineage, pathological_status, specimen_characteristics_id, initial_quantity) values (1101, 'Tissue', 'Fixed Tissue Slide', 'New', 'Not Specified', 1101, 0.0);
insert into catissue_specimen_event_param (identifier, specimen_id, user_id) values (1101, 1101, (select max(identifier) from catissue_user));
insert into catissue_specimen_event_param (identifier, specimen_id, user_id) values (1102, 1101, (select max(identifier) from catissue_user));
insert into catissue_coll_event_param (identifier, collection_procedure, container) values (1101, 'Not Specified', 'Not Specified');
insert into catissue_received_event_param (identifier, received_quality) values (1102, 'Not Specified');
insert into catissue_abs_speci_coll_group (identifier, clinical_diagnosis, clinical_status, activity_status) values (1101, 'Trabecular adenocarcinoma ', 'Not Specified', 'Active');
insert into catissue_specimen_protocol (identifier, principal_investigator_id, title, short_title, start_date, enrollment, activity_status) values (1109, (select max(identifier) from catissue_user), 'test-caTissue-protocol-2', 'test-caTissue-protocol-2', '2009-03-01', 0, 'Active');
insert into catissue_collection_protocol (identifier, unsigned_consent_doc_url, aliquot_in_same_container, consents_waived) values (1109, 'http://www.google.com', false, false);
insert into catissue_coll_prot_event (identifier, collection_point_label, study_calendar_event_point, collection_protocol_id) values (1101, 'test-label-2', 1.0, 1109);
insert into catissue_cp_req_specimen (identifier, storage_type, collection_protocol_event_id) values (1101, 'Virtual', 1101);
insert into catissue_tissue_req_specimen (identifier) values (1101);
insert into catissue_st_cont_coll_prot_rel (storage_container_id, collection_protocol_id) values (1007, 1109);

insert into catissue_participant (identifier, last_name, first_name, middle_name, birth_date, gender, genotype, ethnicity, social_security_number, activity_status, vital_status) values (1105, 'Test', 'PCH Patient 2-1', '', '2009-03-01', 'Unspecified', 'Unknown', 'Not Hispanic or Latino', '444-44-4444', 'Active', 'Unknown');
insert into catissue_race (participant_id, race_name) values (1105, 'Native Hawaiian or Other Pacific Islander');
insert into catissue_part_medical_id (participant_id, site_id, medical_record_number) values (1105, 1005, 'test-PCH-2-1');
insert into catissue_coll_prot_reg (protocol_participant_id, registration_date, participant_id, collection_protocol_id, activity_status) values ('test-reg-PCH-2-1', '2009-03-02', 1105, 1109, 'Active');

insert into catissue_abs_speci_coll_group (identifier, clinical_diagnosis, clinical_status, activity_status, site_id) values (1108, 'Neuroendocrine carcinoma', 'Not Specified', 'Active', 1005);
insert into catissue_specimen_coll_group (identifier, name, barcode, comments, encounter_timestamp, collection_protocol_reg_id, surgical_pathology_number, collection_protocol_event_id, collection_status, date_offset) values (1108, 'test-scg-2-1-1', null, '', null, (select max(identifier) from catissue_coll_prot_reg), '', 1101, 'Complete', 0);
insert into catissue_specimen_event_param (identifier, specimen_coll_grp_id, user_id, event_timestamp) values (1103, 1108, (select max(identifier) from catissue_user), '2010-04-01');
insert into catissue_specimen_event_param (identifier, specimen_coll_grp_id, user_id, event_timestamp) values (1104, 1108, (select max(identifier) from catissue_user), '2010-04-01');
insert into catissue_coll_event_param (identifier, collection_procedure, container) values (1103, 'Indwelling Catheter', 'Use CP Defaults');
insert into catissue_received_event_param (identifier, received_quality) values (1104, 'Use CP Defaults');
insert into catissue_specimen_char (identifier, tissue_site, tissue_side) values (1102, 'Cornea, NOS', 'Not Specified');
insert into catissue_abstract_specimen (identifier, specimen_class, specimen_type, lineage, pathological_status, specimen_characteristics_id, initial_quantity) values (1106, 'Tissue', 'Frozen Tissue', 'New', 'Not Specified', 1102, 50.0);
insert into catissue_specimen (identifier, label, available, barcode, comments, activity_status, specimen_collection_group_id, req_specimen_id, available_quantity, created_on_date, collection_status) values (1106, 'test-PCH-2-1-1', true, 'test-PCH-2-1-1', null, 'Active', 1108, 1101, 90.0, '2010-04-01', 'Collected');
insert into catissue_tissue_specimen (identifier) values (1106);
insert into catissue_external_identifier (specimen_id) values (1106);
insert into catissue_specimen_event_param (identifier, specimen_id, user_id, event_timestamp) values (1105, 1106, (select max(identifier) from catissue_user), '2010-04-01');
insert into catissue_specimen_event_param (identifier, specimen_id, user_id, event_timestamp) values (1106, 1106, (select max(identifier) from catissue_user), '2010-04-01');
insert into catissue_coll_event_param (identifier, collection_procedure, container) values (1105, 'Not Specified', 'Not Specified');
insert into catissue_received_event_param (identifier, received_quality) values (1106, 'Not Specified');
insert into catissue_abstract_position (position_dimension_one, position_dimension_two) values (1, 1);
insert into catissue_specimen_position (identifier, specimen_id, container_id) values ((select max(identifier) from catissue_abstract_position), 1106, 1007);
insert into DE_E_1984 (IDENTIFIER, DYEXTN_AS_4_1971, DE_AT_1988, DE_AT_1989, DE_AT_1990, DE_AT_1994, DE_AT_1996, DE_AT_1995, activity_status, DE_AT_1993) values (1106, 1106, true, null, null, -80, 50, 30, 'Active', 'RNAlater');
insert into catissue_audit_event (identifier, ip_address, event_timestamp, user_id, comments) values (110010, null, now(), (select max(identifier) from catissue_user), '');
insert into catissue_audit_event_log (identifier, object_identifier, object_name, event_type, audit_event_id) values (110010, 1106, 'catissue_tissue_specimen', 'INSERT', 110010);
insert into catissue_audit_event_details (identifier, element_name, previous_value, current_value, audit_event_log_id) values (110010, 'BARCODE', null, 'test-PCH-2-1-1', 110010);

insert into catissue_abs_speci_coll_group (identifier, clinical_diagnosis, clinical_status, activity_status, site_id) values (1118, 'Carcinomatosis', 'Not Specified', 'Active', 1005);
insert into catissue_specimen_coll_group (identifier, name, barcode, comments, encounter_timestamp, collection_protocol_reg_id, surgical_pathology_number, collection_protocol_event_id, collection_status, date_offset) values (1118, 'test-scg-2-1-2', null, '', null, (select max(identifier) from catissue_coll_prot_reg), '', 1101, 'Complete', 0);
insert into catissue_specimen_event_param (identifier, specimen_coll_grp_id, user_id, event_timestamp) values (1113, 1118, (select max(identifier) from catissue_user), '2010-04-01');
insert into catissue_specimen_event_param (identifier, specimen_coll_grp_id, user_id, event_timestamp) values (1114, 1118, (select max(identifier) from catissue_user), '2010-04-01');
insert into catissue_coll_event_param (identifier, collection_procedure, container) values (1113, 'Needle Core Biopsy', 'Use CP Defaults');
insert into catissue_received_event_param (identifier, received_quality) values (1114, 'Use CP Defaults');
insert into catissue_specimen_char (identifier, tissue_site, tissue_side) values (1112, 'Esophagus, NOS', 'Not Specified');
insert into catissue_abstract_specimen (identifier, specimen_class, specimen_type, lineage, pathological_status, specimen_characteristics_id, initial_quantity) values (1116, 'Cell', 'Frozen Cell Pellet', 'New', 'Not Specified', 1112, 50.0);
insert into catissue_specimen (identifier, label, available, barcode, comments, activity_status, specimen_collection_group_id, req_specimen_id, available_quantity, created_on_date, collection_status) values (1116, 'test-PCH-2-1-2', true, 'test-PCH-2-1-2', null, 'Active', 1118, 1101, 95.0, '2010-04-01', 'Collected');
insert into catissue_cell_specimen (identifier) values (1116);
insert into catissue_external_identifier (specimen_id) values (1116);
insert into catissue_specimen_event_param (identifier, specimen_id, user_id, event_timestamp) values (1115, 1116, (select max(identifier) from catissue_user), '2010-04-01');
insert into catissue_specimen_event_param (identifier, specimen_id, user_id, event_timestamp) values (1116, 1116, (select max(identifier) from catissue_user), '2010-04-01');
insert into catissue_coll_event_param (identifier, collection_procedure, container) values (1115, 'Not Specified', 'Not Specified');
insert into catissue_received_event_param (identifier, received_quality) values (1116, 'Not Specified');
insert into catissue_abstract_position (position_dimension_one, position_dimension_two) values (1, 1);
insert into catissue_specimen_position (identifier, specimen_id, container_id) values ((select max(identifier) from catissue_abstract_position), 1116, 1007);
insert into DE_E_1984 (IDENTIFIER, DYEXTN_AS_4_1971, DE_AT_1988, DE_AT_1989, DE_AT_1990, DE_AT_1994, DE_AT_1996, DE_AT_1995, activity_status, DE_AT_1993) values (1116, 1116, false, 40, 50, -100, 75, 15, 'Active', 'Zinc-based');
insert into catissue_audit_event (identifier, ip_address, event_timestamp, user_id, comments) values (111010, null, now(), (select max(identifier) from catissue_user), '');
insert into catissue_audit_event_log (identifier, object_identifier, object_name, event_type, audit_event_id) values (111010, 1116, 'catissue_tissue_specimen', 'INSERT', 111010);
insert into catissue_audit_event_details (identifier, element_name, previous_value, current_value, audit_event_log_id) values (111010, 'BARCODE', null, 'test-PCH-2-1-2', 111010);

insert into catissue_abs_speci_coll_group (identifier, clinical_diagnosis, clinical_status, activity_status, site_id) values (1128, 'Cholangiocarcinoma', 'Not Specified', 'Active', 1005);
insert into catissue_specimen_coll_group (identifier, name, barcode, comments, encounter_timestamp, collection_protocol_reg_id, surgical_pathology_number, collection_protocol_event_id, collection_status, date_offset) values (1128, 'test-scg-2-1-3', null, '', null, (select max(identifier) from catissue_coll_prot_reg), '', 1101, 'Complete', 0);
insert into catissue_specimen_event_param (identifier, specimen_coll_grp_id, user_id, event_timestamp) values (1123, 1128, (select max(identifier) from catissue_user), '2010-04-01');
insert into catissue_specimen_event_param (identifier, specimen_coll_grp_id, user_id, event_timestamp) values (1124, 1128, (select max(identifier) from catissue_user), '2010-04-01');
insert into catissue_coll_event_param (identifier, collection_procedure, container) values (1123, 'Surgical Resection', 'Use CP Defaults');
insert into catissue_received_event_param (identifier, received_quality) values (1124, 'Use CP Defaults');
insert into catissue_specimen_char (identifier, tissue_site, tissue_side) values (1122, 'Cardia, NOS', 'Not Specified');
insert into catissue_abstract_specimen (identifier, specimen_class, specimen_type, lineage, pathological_status, specimen_characteristics_id, initial_quantity) values (1126, 'Molecular', 'Whole Genome Amplified DNA', 'New', 'Not Specified', 1122, 50.0);
insert into catissue_specimen (identifier, label, available, barcode, comments, activity_status, specimen_collection_group_id, req_specimen_id, available_quantity, created_on_date, collection_status) values (1126, 'test-PCH-2-1-3', true, 'test-PCH-2-1-3', null, 'Active', 1128, 1101, 100.0, '2010-04-01', 'Collected');
insert into catissue_molecular_specimen (identifier) values (1126);
insert into catissue_external_identifier (specimen_id) values (1126);
insert into catissue_specimen_event_param (identifier, specimen_id, user_id, event_timestamp) values (1125, 1126, (select max(identifier) from catissue_user), '2010-04-01');
insert into catissue_specimen_event_param (identifier, specimen_id, user_id, event_timestamp) values (1126, 1126, (select max(identifier) from catissue_user), '2010-04-01');
insert into catissue_coll_event_param (identifier, collection_procedure, container) values (1125, 'Not Specified', 'Not Specified');
insert into catissue_received_event_param (identifier, received_quality) values (1126, 'Not Specified');
insert into catissue_abstract_position (position_dimension_one, position_dimension_two) values (1, 1);
insert into catissue_specimen_position (identifier, specimen_id, container_id) values ((select max(identifier) from catissue_abstract_position), 1126, 1007);
insert into DE_E_1984 (IDENTIFIER, DYEXTN_AS_4_1971, DE_AT_1988, DE_AT_1989, DE_AT_1990, DE_AT_1994, DE_AT_1996, DE_AT_1995, activity_status, DE_AT_1993) values (1126, 1126, true, null, null, -80, 50, 30, 'Active', 'No selection');
insert into catissue_audit_event (identifier, ip_address, event_timestamp, user_id, comments) values (112010, null, now(), (select max(identifier) from catissue_user), '');
insert into catissue_audit_event_log (identifier, object_identifier, object_name, event_type, audit_event_id) values (112010, 1126, 'catissue_tissue_specimen', 'INSERT', 112010);
insert into catissue_audit_event_details (identifier, element_name, previous_value, current_value, audit_event_log_id) values (112010, 'BARCODE', null, 'test-PCH-2-1-3', 112010);


insert into catissue_participant (identifier, last_name, first_name, middle_name, birth_date, gender, genotype, ethnicity, social_security_number, activity_status, vital_status) values (1115, 'Test', 'PCH Patient 2-2', '', '2009-03-01', 'Male Gender', 'Unknown', 'Not Reported', '555-55-5555', 'Active', 'Unknown');
insert into catissue_race (participant_id, race_name) values (1115, 'White');
insert into catissue_part_medical_id (participant_id, site_id, medical_record_number) values (1115, 1005, 'test-PCH-2-2');
insert into catissue_coll_prot_reg (protocol_participant_id, registration_date, participant_id, collection_protocol_id, activity_status) values ('test-reg-PCH-2-2', '2009-03-02', 1115, 1109, 'Active');

insert into catissue_abs_speci_coll_group (identifier, clinical_diagnosis, clinical_status, activity_status, site_id) values (1138, 'Cribriform carcinoma', 'Not Specified', 'Active', 1005);
insert into catissue_specimen_coll_group (identifier, name, barcode, comments, encounter_timestamp, collection_protocol_reg_id, surgical_pathology_number, collection_protocol_event_id, collection_status, date_offset) values (1138, 'test-scg-2-2-1', null, '', null, (select max(identifier) from catissue_coll_prot_reg), '', 1101, 'Complete', 0);
insert into catissue_specimen_event_param (identifier, specimen_coll_grp_id, user_id, event_timestamp) values (1133, 1138, (select max(identifier) from catissue_user), '2010-04-01');
insert into catissue_specimen_event_param (identifier, specimen_coll_grp_id, user_id, event_timestamp) values (1134, 1138, (select max(identifier) from catissue_user), '2010-04-01');
insert into catissue_coll_event_param (identifier, collection_procedure, container) values (1133, 'Indwelling Catheter', 'Use CP Defaults');
insert into catissue_received_event_param (identifier, received_quality) values (1134, 'Use CP Defaults');
insert into catissue_specimen_char (identifier, tissue_site, tissue_side) values (1132, 'Anus, NOS', 'Not Specified');
insert into catissue_abstract_specimen (identifier, specimen_class, specimen_type, lineage, pathological_status, specimen_characteristics_id, initial_quantity) values (1136, 'Tissue', 'Frozen Tissue', 'New', 'Not Specified', 1132, 50.0);
insert into catissue_specimen (identifier, label, available, barcode, comments, activity_status, specimen_collection_group_id, req_specimen_id, available_quantity, created_on_date, collection_status) values (1136, 'test-PCH-2-2-1', true, 'test-PCH-2-2-1', null, 'Active', 1138, 1101, 105.0, '2010-04-01', 'Collected');
insert into catissue_tissue_specimen (identifier) values (1136);
insert into catissue_external_identifier (specimen_id) values (1136);
insert into catissue_specimen_event_param (identifier, specimen_id, user_id, event_timestamp) values (1135, 1136, (select max(identifier) from catissue_user), '2010-04-01');
insert into catissue_specimen_event_param (identifier, specimen_id, user_id, event_timestamp) values (1136, 1136, (select max(identifier) from catissue_user), '2010-04-01');
insert into catissue_coll_event_param (identifier, collection_procedure, container) values (1135, 'Not Specified', 'Not Specified');
insert into catissue_received_event_param (identifier, received_quality) values (1136, 'Not Specified');
insert into catissue_abstract_position (position_dimension_one, position_dimension_two) values (1, 1);
insert into catissue_specimen_position (identifier, specimen_id, container_id) values ((select max(identifier) from catissue_abstract_position), 1136, 1007);
insert into DE_E_1984 (IDENTIFIER, DYEXTN_AS_4_1971, DE_AT_1988, DE_AT_1989, DE_AT_1990, DE_AT_1994, DE_AT_1996, DE_AT_1995, activity_status, DE_AT_1993) values (1136, 1136, false, 45, 55, -100, 75, 15, 'Active', 'EDTA');
insert into catissue_audit_event (identifier, ip_address, event_timestamp, user_id, comments) values (113010, null, now(), (select max(identifier) from catissue_user), '');
insert into catissue_audit_event_log (identifier, object_identifier, object_name, event_type, audit_event_id) values (113010, 1136, 'catissue_tissue_specimen', 'INSERT', 113010);
insert into catissue_audit_event_details (identifier, element_name, previous_value, current_value, audit_event_log_id) values (113010, 'BARCODE', null, 'test-PCH-2-2-1', 113010);

insert into catissue_abs_speci_coll_group (identifier, clinical_diagnosis, clinical_status, activity_status, site_id) values (1148, 'Glycogen-rich carcinoma', 'Not Specified', 'Active', 1005);
insert into catissue_specimen_coll_group (identifier, name, barcode, comments, encounter_timestamp, collection_protocol_reg_id, surgical_pathology_number, collection_protocol_event_id, collection_status, date_offset) values (1148, 'test-scg-2-2-2', null, '', null, (select max(identifier) from catissue_coll_prot_reg), '', 1101, 'Complete', 0);
insert into catissue_specimen_event_param (identifier, specimen_coll_grp_id, user_id, event_timestamp) values (1143, 1148, (select max(identifier) from catissue_user), '2010-04-01');
insert into catissue_specimen_event_param (identifier, specimen_coll_grp_id, user_id, event_timestamp) values (1144, 1148, (select max(identifier) from catissue_user), '2010-04-01');
insert into catissue_coll_event_param (identifier, collection_procedure, container) values (1143, 'Needle Core Biopsy', 'Use CP Defaults');
insert into catissue_received_event_param (identifier, received_quality) values (1144, 'Use CP Defaults');
insert into catissue_specimen_char (identifier, tissue_site, tissue_side) values (1142, 'Colon, NOS', 'Not Specified');
insert into catissue_abstract_specimen (identifier, specimen_class, specimen_type, lineage, pathological_status, specimen_characteristics_id, initial_quantity) values (1146, 'Cell', 'Frozen Cell Pellet', 'New', 'Not Specified', 1142, 50.0);
insert into catissue_specimen (identifier, label, available, barcode, comments, activity_status, specimen_collection_group_id, req_specimen_id, available_quantity, created_on_date, collection_status) values (1146, 'test-PCH-2-2-2', true, 'test-PCH-2-2-2', null, 'Active', 1148, 1101, 110.0, '2010-04-01', 'Collected');
insert into catissue_cell_specimen (identifier) values (1146);
insert into catissue_external_identifier (specimen_id) values (1146);
insert into catissue_specimen_event_param (identifier, specimen_id, user_id, event_timestamp) values (1145, 1146, (select max(identifier) from catissue_user), '2010-04-01');
insert into catissue_specimen_event_param (identifier, specimen_id, user_id, event_timestamp) values (1146, 1146, (select max(identifier) from catissue_user), '2010-04-01');
insert into catissue_coll_event_param (identifier, collection_procedure, container) values (1145, 'Not Specified', 'Not Specified');
insert into catissue_received_event_param (identifier, received_quality) values (1146, 'Not Specified');
insert into catissue_abstract_position (position_dimension_one, position_dimension_two) values (1, 1);
insert into catissue_specimen_position (identifier, specimen_id, container_id) values ((select max(identifier) from catissue_abstract_position), 1146, 1007);
insert into DE_E_1984 (IDENTIFIER, DYEXTN_AS_4_1971, DE_AT_1988, DE_AT_1989, DE_AT_1990, DE_AT_1994, DE_AT_1996, DE_AT_1995, activity_status, DE_AT_1993) values (1146, 1146, true, null, null, -80, 50, 30, 'Active', 'Heparin');
insert into catissue_audit_event (identifier, ip_address, event_timestamp, user_id, comments) values (114010, null, now(), (select max(identifier) from catissue_user), '');
insert into catissue_audit_event_log (identifier, object_identifier, object_name, event_type, audit_event_id) values (114010, 1146, 'catissue_tissue_specimen', 'INSERT', 114010);
insert into catissue_audit_event_details (identifier, element_name, previous_value, current_value, audit_event_log_id) values (114010, 'BARCODE', null, 'test-PCH-2-2-2', 114010);

insert into catissue_abs_speci_coll_group (identifier, clinical_diagnosis, clinical_status, activity_status, site_id) values (1158, 'Inflammatory carcinoma', 'Not Specified', 'Active', 1005);
insert into catissue_specimen_coll_group (identifier, name, barcode, comments, encounter_timestamp, collection_protocol_reg_id, surgical_pathology_number, collection_protocol_event_id, collection_status, date_offset) values (1158, 'test-scg-2-2-3', null, '', null, (select max(identifier) from catissue_coll_prot_reg), '', 1101, 'Complete', 0);
insert into catissue_specimen_event_param (identifier, specimen_coll_grp_id, user_id, event_timestamp) values (1153, 1158, (select max(identifier) from catissue_user), '2010-04-01');
insert into catissue_specimen_event_param (identifier, specimen_coll_grp_id, user_id, event_timestamp) values (1154, 1158, (select max(identifier) from catissue_user), '2010-04-01');
insert into catissue_coll_event_param (identifier, collection_procedure, container) values (1153, 'Surgical Resection', 'Use CP Defaults');
insert into catissue_received_event_param (identifier, received_quality) values (1154, 'Use CP Defaults');
insert into catissue_specimen_char (identifier, tissue_site, tissue_side) values (1152, 'Small intestine, NOS', 'Not Specified');
insert into catissue_abstract_specimen (identifier, specimen_class, specimen_type, lineage, pathological_status, specimen_characteristics_id, initial_quantity) values (1156, 'Molecular', 'Whole Genome Amplified DNA', 'New', 'Not Specified', 1152, 50.0);
insert into catissue_specimen (identifier, label, available, barcode, comments, activity_status, specimen_collection_group_id, req_specimen_id, available_quantity, created_on_date, collection_status) values (1156, 'test-PCH-2-2-3', true, 'test-PCH-2-2-3', null, 'Active', 1158, 1101, 115.0, '2010-04-01', 'Collected');
insert into catissue_molecular_specimen (identifier) values (1156);
insert into catissue_external_identifier (specimen_id) values (1156);
insert into catissue_specimen_event_param (identifier, specimen_id, user_id, event_timestamp) values (1155, 1156, (select max(identifier) from catissue_user), '2010-04-01');
insert into catissue_specimen_event_param (identifier, specimen_id, user_id, event_timestamp) values (1156, 1156, (select max(identifier) from catissue_user), '2010-04-01');
insert into catissue_coll_event_param (identifier, collection_procedure, container) values (1155, 'Not Specified', 'Not Specified');
insert into catissue_received_event_param (identifier, received_quality) values (1156, 'Not Specified');
insert into catissue_abstract_position (position_dimension_one, position_dimension_two) values (1, 1);
insert into catissue_specimen_position (identifier, specimen_id, container_id) values ((select max(identifier) from catissue_abstract_position), 1156, 1007);
insert into DE_E_1984 (IDENTIFIER, DYEXTN_AS_4_1971, DE_AT_1988, DE_AT_1989, DE_AT_1990, DE_AT_1994, DE_AT_1996, DE_AT_1995, activity_status, DE_AT_1993) values (1156, 1156, false, 50, 60, -100, 75, 15, 'Active', 'Citrate');
insert into catissue_audit_event (identifier, ip_address, event_timestamp, user_id, comments) values (115010, null, now(), (select max(identifier) from catissue_user), '');
insert into catissue_audit_event_log (identifier, object_identifier, object_name, event_type, audit_event_id) values (115010, 1156, 'catissue_tissue_specimen', 'INSERT', 115010);
insert into catissue_audit_event_details (identifier, element_name, previous_value, current_value, audit_event_log_id) values (115010, 'BARCODE', null, 'test-PCH-2-2-3', 115010);


insert into catissue_participant (identifier, last_name, first_name, middle_name, birth_date, gender, genotype, ethnicity, social_security_number, activity_status, vital_status) values (1125, 'Test', 'PCH Patient 2-3', '', '2009-03-01', 'Female Gender', 'Unknown', 'Not Reported', '666-66-6666', 'Active', 'Unknown');
insert into catissue_race (participant_id, race_name) values (1125, 'Black or African American');
insert into catissue_part_medical_id (participant_id, site_id, medical_record_number) values (1125, 1005, 'test-PCH-2-3');
insert into catissue_coll_prot_reg (protocol_participant_id, registration_date, participant_id, collection_protocol_id, activity_status) values ('test-reg-PCH-2-3', '2009-03-02', 1125, 1109, 'Active');

insert into catissue_abs_speci_coll_group (identifier, clinical_diagnosis, clinical_status, activity_status, site_id) values (1168, 'Squamous cell carcinoma in situ with questionable stromal invasion', 'Not Specified', 'Active', 1005);
insert into catissue_specimen_coll_group (identifier, name, barcode, comments, encounter_timestamp, collection_protocol_reg_id, surgical_pathology_number, collection_protocol_event_id, collection_status, date_offset) values (1168, 'test-scg-2-3-1', null, '', null, (select max(identifier) from catissue_coll_prot_reg), '', 1101, 'Complete', 0);
insert into catissue_specimen_event_param (identifier, specimen_coll_grp_id, user_id, event_timestamp) values (1163, 1168, (select max(identifier) from catissue_user), '2010-04-01');
insert into catissue_specimen_event_param (identifier, specimen_coll_grp_id, user_id, event_timestamp) values (1164, 1168, (select max(identifier) from catissue_user), '2010-04-01');
insert into catissue_coll_event_param (identifier, collection_procedure, container) values (1163, 'Indwelling Catheter', 'Use CP Defaults');
insert into catissue_received_event_param (identifier, received_quality) values (1164, 'Use CP Defaults');
insert into catissue_specimen_char (identifier, tissue_site, tissue_side) values (1162, 'Kidney, NOS', 'Not Specified');
insert into catissue_abstract_specimen (identifier, specimen_class, specimen_type, lineage, pathological_status, specimen_characteristics_id, initial_quantity) values (1166, 'Tissue', 'Frozen Tissue', 'New', 'Not Specified', 1162, 50.0);
insert into catissue_specimen (identifier, label, available, barcode, comments, activity_status, specimen_collection_group_id, req_specimen_id, available_quantity, created_on_date, collection_status) values (1166, 'test-PCH-2-3-1', true, 'test-PCH-2-3-1', null, 'Active', 1168, 1101, 120.0, '2010-04-01', 'Collected');
insert into catissue_tissue_specimen (identifier) values (1166);
insert into catissue_external_identifier (specimen_id) values (1166);
insert into catissue_specimen_event_param (identifier, specimen_id, user_id, event_timestamp) values (1165, 1166, (select max(identifier) from catissue_user), '2010-04-01');
insert into catissue_specimen_event_param (identifier, specimen_id, user_id, event_timestamp) values (1166, 1166, (select max(identifier) from catissue_user), '2010-04-01');
insert into catissue_coll_event_param (identifier, collection_procedure, container) values (1165, 'Not Specified', 'Not Specified');
insert into catissue_received_event_param (identifier, received_quality) values (1166, 'Not Specified');
insert into catissue_abstract_position (position_dimension_one, position_dimension_two) values (1, 1);
insert into catissue_specimen_position (identifier, specimen_id, container_id) values ((select max(identifier) from catissue_abstract_position), 1166, 1007);
insert into DE_E_1984 (IDENTIFIER, DYEXTN_AS_4_1971, DE_AT_1988, DE_AT_1989, DE_AT_1990, DE_AT_1994, DE_AT_1996, DE_AT_1995, activity_status, DE_AT_1993) values (1166, 1166, true, null, null, -80, 50, 30, 'Active', 'Paraffin Embedded Block');
insert into catissue_audit_event (identifier, ip_address, event_timestamp, user_id, comments) values (116010, null, now(), (select max(identifier) from catissue_user), '');
insert into catissue_audit_event_log (identifier, object_identifier, object_name, event_type, audit_event_id) values (116010, 1166, 'catissue_tissue_specimen', 'INSERT', 116010);
insert into catissue_audit_event_details (identifier, element_name, previous_value, current_value, audit_event_log_id) values (116010, 'BARCODE', null, 'test-PCH-2-3-1', 116010);

insert into catissue_abs_speci_coll_group (identifier, clinical_diagnosis, clinical_status, activity_status, site_id) values (1178, 'Transitional cell carcinoma, spindle cell', 'Not Specified', 'Active', 1005);
insert into catissue_specimen_coll_group (identifier, name, barcode, comments, encounter_timestamp, collection_protocol_reg_id, surgical_pathology_number, collection_protocol_event_id, collection_status, date_offset) values (1178, 'test-scg-2-3-2', null, '', null, (select max(identifier) from catissue_coll_prot_reg), '', 1101, 'Complete', 0);
insert into catissue_specimen_event_param (identifier, specimen_coll_grp_id, user_id, event_timestamp) values (1173, 1178, (select max(identifier) from catissue_user), '2010-04-01');
insert into catissue_specimen_event_param (identifier, specimen_coll_grp_id, user_id, event_timestamp) values (1174, 1178, (select max(identifier) from catissue_user), '2010-04-01');
insert into catissue_coll_event_param (identifier, collection_procedure, container) values (1173, 'Needle Core Biopsy', 'Use CP Defaults');
insert into catissue_received_event_param (identifier, received_quality) values (1174, 'Use CP Defaults');
insert into catissue_specimen_char (identifier, tissue_site, tissue_side) values (1172, 'Lung, NOS', 'Not Specified');
insert into catissue_abstract_specimen (identifier, specimen_class, specimen_type, lineage, pathological_status, specimen_characteristics_id, initial_quantity) values (1176, 'Cell', 'Frozen Cell Pellet', 'New', 'Not Specified', 1172, 50.0);
insert into catissue_specimen (identifier, label, available, barcode, comments, activity_status, specimen_collection_group_id, req_specimen_id, available_quantity, created_on_date, collection_status) values (1176, 'test-PCH-2-3-2', true, 'test-PCH-2-3-2', null, 'Active', 1178, 1101, 125.0, '2010-04-01', 'Collected');
insert into catissue_cell_specimen (identifier) values (1176);
insert into catissue_external_identifier (specimen_id) values (1176);
insert into catissue_specimen_event_param (identifier, specimen_id, user_id, event_timestamp) values (1175, 1176, (select max(identifier) from catissue_user), '2010-04-01');
insert into catissue_specimen_event_param (identifier, specimen_id, user_id, event_timestamp) values (1176, 1176, (select max(identifier) from catissue_user), '2010-04-01');
insert into catissue_coll_event_param (identifier, collection_procedure, container) values (1175, 'Not Specified', 'Not Specified');
insert into catissue_received_event_param (identifier, received_quality) values (1176, 'Not Specified');
insert into catissue_abstract_position (position_dimension_one, position_dimension_two) values (1, 1);
insert into catissue_specimen_position (identifier, specimen_id, container_id) values ((select max(identifier) from catissue_abstract_position), 1176, 1007);
insert into DE_E_1984 (IDENTIFIER, DYEXTN_AS_4_1971, DE_AT_1988, DE_AT_1989, DE_AT_1990, DE_AT_1994, DE_AT_1996, DE_AT_1995, activity_status, DE_AT_1993) values (1176, 1176, false, 55, 65, -100, 75, 15, 'Active', 'Fixed Slide');
insert into catissue_audit_event (identifier, ip_address, event_timestamp, user_id, comments) values (117010, null, now(), (select max(identifier) from catissue_user), '');
insert into catissue_audit_event_log (identifier, object_identifier, object_name, event_type, audit_event_id) values (117010, 1176, 'catissue_tissue_specimen', 'INSERT', 117010);
insert into catissue_audit_event_details (identifier, element_name, previous_value, current_value, audit_event_log_id) values (117010, 'BARCODE', null, 'test-PCH-2-3-2', 117010);

insert into catissue_abs_speci_coll_group (identifier, clinical_diagnosis, clinical_status, activity_status, site_id) values (1188, 'Schneiderian carcinoma', 'Not Specified', 'Active', 1005);
insert into catissue_specimen_coll_group (identifier, name, barcode, comments, encounter_timestamp, collection_protocol_reg_id, surgical_pathology_number, collection_protocol_event_id, collection_status, date_offset) values (1188, 'test-scg-2-3-3', null, '', null, (select max(identifier) from catissue_coll_prot_reg), '', 1101, 'Complete', 0);
insert into catissue_specimen_event_param (identifier, specimen_coll_grp_id, user_id, event_timestamp) values (1183, 1188, (select max(identifier) from catissue_user), '2010-04-01');
insert into catissue_specimen_event_param (identifier, specimen_coll_grp_id, user_id, event_timestamp) values (1184, 1188, (select max(identifier) from catissue_user), '2010-04-01');
insert into catissue_coll_event_param (identifier, collection_procedure, container) values (1183, 'Surgical Resection', 'Use CP Defaults');
insert into catissue_received_event_param (identifier, received_quality) values (1184, 'Use CP Defaults');
insert into catissue_specimen_char (identifier, tissue_site, tissue_side) values (1182, 'Lymph node, NOS', 'Not Specified');
insert into catissue_abstract_specimen (identifier, specimen_class, specimen_type, lineage, pathological_status, specimen_characteristics_id, initial_quantity) values (1186, 'Molecular', 'Whole Genome Amplified DNA', 'New', 'Not Specified', 1182, 50.0);
insert into catissue_specimen (identifier, label, available, barcode, comments, activity_status, specimen_collection_group_id, req_specimen_id, available_quantity, created_on_date, collection_status) values (1186, 'test-PCH-2-3-3', true, 'test-PCH-2-3-3', null, 'Active', 1188, 1101, 130.0, '2010-04-01', 'Collected');
insert into catissue_molecular_specimen (identifier) values (1186);
insert into catissue_external_identifier (specimen_id) values (1186);
insert into catissue_specimen_event_param (identifier, specimen_id, user_id, event_timestamp) values (1185, 1186, (select max(identifier) from catissue_user), '2010-04-01');
insert into catissue_specimen_event_param (identifier, specimen_id, user_id, event_timestamp) values (1186, 1186, (select max(identifier) from catissue_user), '2010-04-01');
insert into catissue_coll_event_param (identifier, collection_procedure, container) values (1185, 'Not Specified', 'Not Specified');
insert into catissue_received_event_param (identifier, received_quality) values (1186, 'Not Specified');
insert into catissue_abstract_position (position_dimension_one, position_dimension_two) values (1, 1);
insert into catissue_specimen_position (identifier, specimen_id, container_id) values ((select max(identifier) from catissue_abstract_position), 1186, 1007);
insert into DE_E_1984 (IDENTIFIER, DYEXTN_AS_4_1971, DE_AT_1988, DE_AT_1989, DE_AT_1990, DE_AT_1994, DE_AT_1996, DE_AT_1995, activity_status, DE_AT_1993) values (1186, 1186, true, null, null, -80, 50, 30, 'Active', 'Dried (air dried filter paper)');
insert into catissue_audit_event (identifier, ip_address, event_timestamp, user_id, comments) values (118010, null, now(), (select max(identifier) from catissue_user), '');
insert into catissue_audit_event_log (identifier, object_identifier, object_name, event_type, audit_event_id) values (118010, 1186, 'catissue_tissue_specimen', 'INSERT', 118010);
insert into catissue_audit_event_details (identifier, element_name, previous_value, current_value, audit_event_log_id) values (118010, 'BARCODE', null, 'test-PCH-2-3-3', 118010);



insert into catissue_specimen_char (identifier, tissue_site, tissue_side) values (1201, 'Not Specified', 'Not Specified');
insert into catissue_abstract_specimen (identifier, specimen_class, specimen_type, lineage, pathological_status, specimen_characteristics_id, initial_quantity) values (1201, 'Tissue', 'Fixed Tissue Slide', 'New', 'Not Specified', 1201, 0.0);
insert into catissue_specimen_event_param (identifier, specimen_id, user_id) values (1201, 1201, (select max(identifier) from catissue_user));
insert into catissue_specimen_event_param (identifier, specimen_id, user_id) values (1202, 1201, (select max(identifier) from catissue_user));
insert into catissue_coll_event_param (identifier, collection_procedure, container) values (1201, 'Not Specified', 'Not Specified');
insert into catissue_received_event_param (identifier, received_quality) values (1202, 'Not Specified');
insert into catissue_abs_speci_coll_group (identifier, clinical_diagnosis, clinical_status, activity_status) values (1201, 'Trabecular adenocarcinoma ', 'Not Specified', 'Active');
insert into catissue_specimen_protocol (identifier, principal_investigator_id, title, short_title, start_date, enrollment, activity_status) values (1209, (select max(identifier) from catissue_user), 'test-caTissue-protocol-3', 'test-caTissue-protocol-3', '2009-03-01', 0, 'Active');
insert into catissue_collection_protocol (identifier, unsigned_consent_doc_url, aliquot_in_same_container, consents_waived) values (1209, 'http://www.google.com', false, false);
insert into catissue_coll_prot_event (identifier, collection_point_label, study_calendar_event_point, collection_protocol_id) values (1201, 'test-label-3', 1.0, 1209);
insert into catissue_cp_req_specimen (identifier, storage_type, collection_protocol_event_id) values (1201, 'Virtual', 1201);
insert into catissue_tissue_req_specimen (identifier) values (1201);
insert into catissue_st_cont_coll_prot_rel (storage_container_id, collection_protocol_id) values (1007, 1209);

insert into catissue_participant (identifier, last_name, first_name, middle_name, birth_date, gender, genotype, ethnicity, social_security_number, activity_status, vital_status) values (1205, 'Test', 'PCH Patient 3-1', '', '2009-03-01', 'Unknown', 'Unknown', 'Unknown', '777-77-7777', 'Active', 'Unknown');
insert into catissue_race (participant_id, race_name) values (1205, 'Native Hawaiian or Other Pacific Islander');
insert into catissue_part_medical_id (participant_id, site_id, medical_record_number) values (1205, 1005, 'test-PCH-3-1');
insert into catissue_coll_prot_reg (protocol_participant_id, registration_date, participant_id, collection_protocol_id, activity_status) values ('test-reg-PCH-3-1', '2009-03-02', 1205, 1209, 'Active');

insert into catissue_abs_speci_coll_group (identifier, clinical_diagnosis, clinical_status, activity_status, site_id) values (1208, 'Scirrhous adenocarcinoma', 'Not Specified', 'Active', 1005);
insert into catissue_specimen_coll_group (identifier, name, barcode, comments, encounter_timestamp, collection_protocol_reg_id, surgical_pathology_number, collection_protocol_event_id, collection_status, date_offset) values (1208, 'test-scg-3-1-1', null, '', null, (select max(identifier) from catissue_coll_prot_reg), '', 1201, 'Complete', 0);
insert into catissue_specimen_event_param (identifier, specimen_coll_grp_id, user_id, event_timestamp) values (1203, 1208, (select max(identifier) from catissue_user), '2010-04-01');
insert into catissue_specimen_event_param (identifier, specimen_coll_grp_id, user_id, event_timestamp) values (1204, 1208, (select max(identifier) from catissue_user), '2010-04-01');
insert into catissue_coll_event_param (identifier, collection_procedure, container) values (1203, 'Indwelling Catheter', 'Use CP Defaults');
insert into catissue_received_event_param (identifier, received_quality) values (1204, 'Use CP Defaults');
insert into catissue_specimen_char (identifier, tissue_site, tissue_side) values (1202, 'Nasopharynx, NOS', 'Not Specified');
insert into catissue_abstract_specimen (identifier, specimen_class, specimen_type, lineage, pathological_status, specimen_characteristics_id, initial_quantity) values (1206, 'Tissue', 'Frozen Tissue', 'New', 'Not Specified', 1202, 50.0);
insert into catissue_specimen (identifier, label, available, barcode, comments, activity_status, specimen_collection_group_id, req_specimen_id, available_quantity, created_on_date, collection_status) values (1206, 'test-PCH-3-1-1', true, 'test-PCH-3-1-1', null, 'Active', 1208, 1201, 135.0, '2010-04-01', 'Collected');
insert into catissue_tissue_specimen (identifier) values (1206);
insert into catissue_external_identifier (specimen_id) values (1206);
insert into catissue_specimen_event_param (identifier, specimen_id, user_id, event_timestamp) values (1205, 1206, (select max(identifier) from catissue_user), '2010-04-01');
insert into catissue_specimen_event_param (identifier, specimen_id, user_id, event_timestamp) values (1206, 1206, (select max(identifier) from catissue_user), '2010-04-01');
insert into catissue_coll_event_param (identifier, collection_procedure, container) values (1205, 'Not Specified', 'Not Specified');
insert into catissue_received_event_param (identifier, received_quality) values (1206, 'Not Specified');
insert into catissue_abstract_position (position_dimension_one, position_dimension_two) values (1, 1);
insert into catissue_specimen_position (identifier, specimen_id, container_id) values ((select max(identifier) from catissue_abstract_position), 1206, 1007);
insert into DE_E_1984 (IDENTIFIER, DYEXTN_AS_4_1971, DE_AT_1988, DE_AT_1989, DE_AT_1990, DE_AT_1994, DE_AT_1996, DE_AT_1995, activity_status, DE_AT_1993) values (1206, 1206, false, 60, 70, -100, 75, 15, 'Active', 'Dried (slide)');
insert into catissue_audit_event (identifier, ip_address, event_timestamp, user_id, comments) values (120010, null, now(), (select max(identifier) from catissue_user), '');
insert into catissue_audit_event_log (identifier, object_identifier, object_name, event_type, audit_event_id) values (120010, 1206, 'catissue_tissue_specimen', 'INSERT', 120010);
insert into catissue_audit_event_details (identifier, element_name, previous_value, current_value, audit_event_log_id) values (120010, 'BARCODE', null, 'test-PCH-3-1-1', 120010);

insert into catissue_abs_speci_coll_group (identifier, clinical_diagnosis, clinical_status, activity_status, site_id) values (1218, 'Papillary transitional cell carcinoma', 'Not Specified', 'Active', 1005);
insert into catissue_specimen_coll_group (identifier, name, barcode, comments, encounter_timestamp, collection_protocol_reg_id, surgical_pathology_number, collection_protocol_event_id, collection_status, date_offset) values (1218, 'test-scg-3-1-2', null, '', null, (select max(identifier) from catissue_coll_prot_reg), '', 1201, 'Complete', 0);
insert into catissue_specimen_event_param (identifier, specimen_coll_grp_id, user_id, event_timestamp) values (1213, 1218, (select max(identifier) from catissue_user), '2010-04-01');
insert into catissue_specimen_event_param (identifier, specimen_coll_grp_id, user_id, event_timestamp) values (1214, 1218, (select max(identifier) from catissue_user), '2010-04-01');
insert into catissue_coll_event_param (identifier, collection_procedure, container) values (1213, 'Needle Core Biopsy', 'Use CP Defaults');
insert into catissue_received_event_param (identifier, received_quality) values (1214, 'Use CP Defaults');
insert into catissue_specimen_char (identifier, tissue_site, tissue_side) values (1212, 'Nasopharynx, NOS', 'Not Specified');
insert into catissue_abstract_specimen (identifier, specimen_class, specimen_type, lineage, pathological_status, specimen_characteristics_id, initial_quantity) values (1216, 'Cell', 'Frozen Cell Pellet', 'New', 'Not Specified', 1212, 50.0);
insert into catissue_specimen (identifier, label, available, barcode, comments, activity_status, specimen_collection_group_id, req_specimen_id, available_quantity, created_on_date, collection_status) values (1216, 'test-PCH-3-1-2', true, 'test-PCH-3-1-2', null, 'Active', 1218, 1201, 140.0, '2010-04-01', 'Collected');
insert into catissue_cell_specimen (identifier) values (1216);
insert into catissue_external_identifier (specimen_id) values (1216);
insert into catissue_specimen_event_param (identifier, specimen_id, user_id, event_timestamp) values (1215, 1216, (select max(identifier) from catissue_user), '2010-04-01');
insert into catissue_specimen_event_param (identifier, specimen_id, user_id, event_timestamp) values (1216, 1216, (select max(identifier) from catissue_user), '2010-04-01');
insert into catissue_coll_event_param (identifier, collection_procedure, container) values (1215, 'Not Specified', 'Not Specified');
insert into catissue_received_event_param (identifier, received_quality) values (1216, 'Not Specified');
insert into catissue_abstract_position (position_dimension_one, position_dimension_two) values (1, 1);
insert into catissue_specimen_position (identifier, specimen_id, container_id) values ((select max(identifier) from catissue_abstract_position), 1216, 1007);
insert into DE_E_1984 (IDENTIFIER, DYEXTN_AS_4_1971, DE_AT_1988, DE_AT_1989, DE_AT_1990, DE_AT_1994, DE_AT_1996, DE_AT_1995, activity_status, DE_AT_1993) values (1216, 1216, true, null, null, -80, 50, 30, 'Active', 'Dried (other)');
insert into catissue_audit_event (identifier, ip_address, event_timestamp, user_id, comments) values (121010, null, now(), (select max(identifier) from catissue_user), '');
insert into catissue_audit_event_log (identifier, object_identifier, object_name, event_type, audit_event_id) values (121010, 1216, 'catissue_tissue_specimen', 'INSERT', 121010);
insert into catissue_audit_event_details (identifier, element_name, previous_value, current_value, audit_event_log_id) values (121010, 'BARCODE', null, 'test-PCH-3-1-2', 121010);

insert into catissue_abs_speci_coll_group (identifier, clinical_diagnosis, clinical_status, activity_status, site_id) values (1228, 'Multicentric basal cell carcinoma', 'Not Specified', 'Active', 1005);
insert into catissue_specimen_coll_group (identifier, name, barcode, comments, encounter_timestamp, collection_protocol_reg_id, surgical_pathology_number, collection_protocol_event_id, collection_status, date_offset) values (1228, 'test-scg-3-1-3', null, '', null, (select max(identifier) from catissue_coll_prot_reg), '', 1201, 'Complete', 0);
insert into catissue_specimen_event_param (identifier, specimen_coll_grp_id, user_id, event_timestamp) values (1223, 1228, (select max(identifier) from catissue_user), '2010-04-01');
insert into catissue_specimen_event_param (identifier, specimen_coll_grp_id, user_id, event_timestamp) values (1224, 1228, (select max(identifier) from catissue_user), '2010-04-01');
insert into catissue_coll_event_param (identifier, collection_procedure, container) values (1223, 'Surgical Resection', 'Use CP Defaults');
insert into catissue_received_event_param (identifier, received_quality) values (1224, 'Use CP Defaults');
insert into catissue_specimen_char (identifier, tissue_site, tissue_side) values (1222, 'Major salivary gland, NOS', 'Not Specified');
insert into catissue_abstract_specimen (identifier, specimen_class, specimen_type, lineage, pathological_status, specimen_characteristics_id, initial_quantity) values (1226, 'Molecular', 'Whole Genome Amplified DNA', 'New', 'Not Specified', 1222, 50.0);
insert into catissue_specimen (identifier, label, available, barcode, comments, activity_status, specimen_collection_group_id, req_specimen_id, available_quantity, created_on_date, collection_status) values (1226, 'test-PCH-3-1-3', true, 'test-PCH-3-1-3', null, 'Active', 1228, 1201, 145.0, '2010-04-01', 'Collected');
insert into catissue_molecular_specimen (identifier) values (1226);
insert into catissue_external_identifier (specimen_id) values (1226);
insert into catissue_specimen_event_param (identifier, specimen_id, user_id, event_timestamp) values (1225, 1226, (select max(identifier) from catissue_user), '2010-04-01');
insert into catissue_specimen_event_param (identifier, specimen_id, user_id, event_timestamp) values (1226, 1226, (select max(identifier) from catissue_user), '2010-04-01');
insert into catissue_coll_event_param (identifier, collection_procedure, container) values (1225, 'Not Specified', 'Not Specified');
insert into catissue_received_event_param (identifier, received_quality) values (1226, 'Not Specified');
insert into catissue_abstract_position (position_dimension_one, position_dimension_two) values (1, 1);
insert into catissue_specimen_position (identifier, specimen_id, container_id) values ((select max(identifier) from catissue_abstract_position), 1226, 1007);
insert into DE_E_1984 (IDENTIFIER, DYEXTN_AS_4_1971, DE_AT_1988, DE_AT_1989, DE_AT_1990, DE_AT_1994, DE_AT_1996, DE_AT_1995, activity_status, DE_AT_1993) values (1226, 1226, false, 65, 75, -100, 75, 15, 'Active', 'RPMI');
insert into catissue_audit_event (identifier, ip_address, event_timestamp, user_id, comments) values (122010, null, now(), (select max(identifier) from catissue_user), '');
insert into catissue_audit_event_log (identifier, object_identifier, object_name, event_type, audit_event_id) values (122010, 1226, 'catissue_tissue_specimen', 'INSERT', 122010);
insert into catissue_audit_event_details (identifier, element_name, previous_value, current_value, audit_event_log_id) values (122010, 'BARCODE', null, 'test-PCH-3-1-3', 122010);


insert into catissue_participant (identifier, last_name, first_name, middle_name, birth_date, gender, genotype, ethnicity, social_security_number, activity_status, vital_status) values (1215, 'Test', 'PCH Patient 3-2', '', '2009-03-01', 'Unspecified', 'Unknown', 'Unknown', '888-88-8888', 'Active', 'Unknown');
insert into catissue_race (participant_id, race_name) values (1215, 'American Indian or Alaska Native');
insert into catissue_part_medical_id (participant_id, site_id, medical_record_number) values (1215, 1005, 'test-PCH-3-2');
insert into catissue_coll_prot_reg (protocol_participant_id, registration_date, participant_id, collection_protocol_id, activity_status) values ('test-reg-PCH-3-2', '2009-03-02', 1215, 1209, 'Active');

insert into catissue_abs_speci_coll_group (identifier, clinical_diagnosis, clinical_status, activity_status, site_id) values (1238, 'Combined hepatocellular carcinoma and cholangiocarcinoma', 'Not Specified', 'Active', 1005);
insert into catissue_specimen_coll_group (identifier, name, barcode, comments, encounter_timestamp, collection_protocol_reg_id, surgical_pathology_number, collection_protocol_event_id, collection_status, date_offset) values (1238, 'test-scg-3-2-1', null, '', null, (select max(identifier) from catissue_coll_prot_reg), '', 1201, 'Complete', 0);
insert into catissue_specimen_event_param (identifier, specimen_coll_grp_id, user_id, event_timestamp) values (1233, 1238, (select max(identifier) from catissue_user), '2010-04-01');
insert into catissue_specimen_event_param (identifier, specimen_coll_grp_id, user_id, event_timestamp) values (1234, 1238, (select max(identifier) from catissue_user), '2010-04-01');
insert into catissue_coll_event_param (identifier, collection_procedure, container) values (1233, 'Indwelling Catheter', 'Use CP Defaults');
insert into catissue_received_event_param (identifier, received_quality) values (1234, 'Use CP Defaults');
insert into catissue_specimen_char (identifier, tissue_site, tissue_side) values (1232, 'Skin, NOS', 'Not Specified');
insert into catissue_abstract_specimen (identifier, specimen_class, specimen_type, lineage, pathological_status, specimen_characteristics_id, initial_quantity) values (1236, 'Tissue', 'Frozen Tissue', 'New', 'Not Specified', 1232, 50.0);
insert into catissue_specimen (identifier, label, available, barcode, comments, activity_status, specimen_collection_group_id, req_specimen_id, available_quantity, created_on_date, collection_status) values (1236, 'test-PCH-3-2-1', true, 'test-PCH-3-2-1', null, 'Active', 1238, 1201, 150.0, '2010-04-01', 'Collected');
insert into catissue_tissue_specimen (identifier) values (1236);
insert into catissue_external_identifier (specimen_id) values (1236);
insert into catissue_specimen_event_param (identifier, specimen_id, user_id, event_timestamp) values (1235, 1236, (select max(identifier) from catissue_user), '2010-04-01');
insert into catissue_specimen_event_param (identifier, specimen_id, user_id, event_timestamp) values (1236, 1236, (select max(identifier) from catissue_user), '2010-04-01');
insert into catissue_coll_event_param (identifier, collection_procedure, container) values (1235, 'Not Specified', 'Not Specified');
insert into catissue_received_event_param (identifier, received_quality) values (1236, 'Not Specified');
insert into catissue_abstract_position (position_dimension_one, position_dimension_two) values (1, 1);
insert into catissue_specimen_position (identifier, specimen_id, container_id) values ((select max(identifier) from catissue_abstract_position), 1236, 1007);
insert into DE_E_1984 (IDENTIFIER, DYEXTN_AS_4_1971, DE_AT_1988, DE_AT_1989, DE_AT_1990, DE_AT_1994, DE_AT_1996, DE_AT_1995, activity_status, DE_AT_1993) values (1236, 1236, true, null, null, -80, 50, 30, 'Active', 'Fixed Slide');
insert into catissue_audit_event (identifier, ip_address, event_timestamp, user_id, comments) values (123010, null, now(), (select max(identifier) from catissue_user), '');
insert into catissue_audit_event_log (identifier, object_identifier, object_name, event_type, audit_event_id) values (123010, 1236, 'catissue_tissue_specimen', 'INSERT', 123010);
insert into catissue_audit_event_details (identifier, element_name, previous_value, current_value, audit_event_log_id) values (123010, 'BARCODE', null, 'test-PCH-3-2-1', 123010);

insert into catissue_abs_speci_coll_group (identifier, clinical_diagnosis, clinical_status, activity_status, site_id) values (1248, 'Follicular adenocarcinoma, well differentiated', 'Not Specified', 'Active', 1005);
insert into catissue_specimen_coll_group (identifier, name, barcode, comments, encounter_timestamp, collection_protocol_reg_id, surgical_pathology_number, collection_protocol_event_id, collection_status, date_offset) values (1248, 'test-scg-3-2-2', null, '', null, (select max(identifier) from catissue_coll_prot_reg), '', 1201, 'Complete', 0);
insert into catissue_specimen_event_param (identifier, specimen_coll_grp_id, user_id, event_timestamp) values (1243, 1248, (select max(identifier) from catissue_user), '2010-04-01');
insert into catissue_specimen_event_param (identifier, specimen_coll_grp_id, user_id, event_timestamp) values (1244, 1248, (select max(identifier) from catissue_user), '2010-04-01');
insert into catissue_coll_event_param (identifier, collection_procedure, container) values (1243, 'Needle Core Biopsy', 'Use CP Defaults');
insert into catissue_received_event_param (identifier, received_quality) values (1244, 'Use CP Defaults');
insert into catissue_specimen_char (identifier, tissue_site, tissue_side) values (1242, 'Base of tongue, NOS', 'Not Specified');
insert into catissue_abstract_specimen (identifier, specimen_class, specimen_type, lineage, pathological_status, specimen_characteristics_id, initial_quantity) values (1246, 'Cell', 'Frozen Cell Pellet', 'New', 'Not Specified', 1242, 50.0);
insert into catissue_specimen (identifier, label, available, barcode, comments, activity_status, specimen_collection_group_id, req_specimen_id, available_quantity, created_on_date, collection_status) values (1246, 'test-PCH-3-2-2', true, 'test-PCH-3-2-2', null, 'Active', 1248, 1201, 155.0, '2010-04-01', 'Collected');
insert into catissue_cell_specimen (identifier) values (1246);
insert into catissue_external_identifier (specimen_id) values (1246);
insert into catissue_specimen_event_param (identifier, specimen_id, user_id, event_timestamp) values (1245, 1246, (select max(identifier) from catissue_user), '2010-04-01');
insert into catissue_specimen_event_param (identifier, specimen_id, user_id, event_timestamp) values (1246, 1246, (select max(identifier) from catissue_user), '2010-04-01');
insert into catissue_coll_event_param (identifier, collection_procedure, container) values (1245, 'Not Specified', 'Not Specified');
insert into catissue_received_event_param (identifier, received_quality) values (1246, 'Not Specified');
insert into catissue_abstract_position (position_dimension_one, position_dimension_two) values (1, 1);
insert into catissue_specimen_position (identifier, specimen_id, container_id) values ((select max(identifier) from catissue_abstract_position), 1246, 1007);
insert into DE_E_1984 (IDENTIFIER, DYEXTN_AS_4_1971, DE_AT_1988, DE_AT_1989, DE_AT_1990, DE_AT_1994, DE_AT_1996, DE_AT_1995, activity_status, DE_AT_1993) values (1246, 1246, false, 70, 80, -100, 75, 15, 'Active', 'DMSO');
insert into catissue_audit_event (identifier, ip_address, event_timestamp, user_id, comments) values (124010, null, now(), (select max(identifier) from catissue_user), '');
insert into catissue_audit_event_log (identifier, object_identifier, object_name, event_type, audit_event_id) values (124010, 1246, 'catissue_tissue_specimen', 'INSERT', 124010);
insert into catissue_audit_event_details (identifier, element_name, previous_value, current_value, audit_event_log_id) values (124010, 'BARCODE', null, 'test-PCH-3-2-2', 124010);

insert into catissue_abs_speci_coll_group (identifier, clinical_diagnosis, clinical_status, activity_status, site_id) values (1258, 'Villous adenocarcinoma', 'Not Specified', 'Active', 1005);
insert into catissue_specimen_coll_group (identifier, name, barcode, comments, encounter_timestamp, collection_protocol_reg_id, surgical_pathology_number, collection_protocol_event_id, collection_status, date_offset) values (1258, 'test-scg-3-2-3', null, '', null, (select max(identifier) from catissue_coll_prot_reg), '', 1201, 'Complete', 0);
insert into catissue_specimen_event_param (identifier, specimen_coll_grp_id, user_id, event_timestamp) values (1253, 1258, (select max(identifier) from catissue_user), '2010-04-01');
insert into catissue_specimen_event_param (identifier, specimen_coll_grp_id, user_id, event_timestamp) values (1254, 1258, (select max(identifier) from catissue_user), '2010-04-01');
insert into catissue_coll_event_param (identifier, collection_procedure, container) values (1253, 'Surgical Resection', 'Use CP Defaults');
insert into catissue_received_event_param (identifier, received_quality) values (1254, 'Use CP Defaults');
insert into catissue_specimen_char (identifier, tissue_site, tissue_side) values (1252, 'Connective, Subcutaneous and other Soft tissues of trunk, NOS', 'Not Specified');
insert into catissue_abstract_specimen (identifier, specimen_class, specimen_type, lineage, pathological_status, specimen_characteristics_id, initial_quantity) values (1256, 'Molecular', 'Whole Genome Amplified DNA', 'New', 'Not Specified', 1252, 50.0);
insert into catissue_specimen (identifier, label, available, barcode, comments, activity_status, specimen_collection_group_id, req_specimen_id, available_quantity, created_on_date, collection_status) values (1256, 'test-PCH-3-2-3', true, 'test-PCH-3-2-3', null, 'Active', 1258, 1201, 160.0, '2010-04-01', 'Collected');
insert into catissue_molecular_specimen (identifier) values (1256);
insert into catissue_external_identifier (specimen_id) values (1256);
insert into catissue_specimen_event_param (identifier, specimen_id, user_id, event_timestamp) values (1255, 1256, (select max(identifier) from catissue_user), '2010-04-01');
insert into catissue_specimen_event_param (identifier, specimen_id, user_id, event_timestamp) values (1256, 1256, (select max(identifier) from catissue_user), '2010-04-01');
insert into catissue_coll_event_param (identifier, collection_procedure, container) values (1255, 'Not Specified', 'Not Specified');
insert into catissue_received_event_param (identifier, received_quality) values (1256, 'Not Specified');
insert into catissue_abstract_position (position_dimension_one, position_dimension_two) values (1, 1);
insert into catissue_specimen_position (identifier, specimen_id, container_id) values ((select max(identifier) from catissue_abstract_position), 1256, 1007);
insert into DE_E_1984 (IDENTIFIER, DYEXTN_AS_4_1971, DE_AT_1988, DE_AT_1989, DE_AT_1990, DE_AT_1994, DE_AT_1996, DE_AT_1995, activity_status, DE_AT_1993) values (1256, 1256, true, null, null, -80, 50, 30, 'Active', 'Fresh (none)');
insert into catissue_audit_event (identifier, ip_address, event_timestamp, user_id, comments) values (125010, null, now(), (select max(identifier) from catissue_user), '');
insert into catissue_audit_event_log (identifier, object_identifier, object_name, event_type, audit_event_id) values (125010, 1256, 'catissue_tissue_specimen', 'INSERT', 125010);
insert into catissue_audit_event_details (identifier, element_name, previous_value, current_value, audit_event_log_id) values (125010, 'BARCODE', null, 'test-PCH-3-2-3', 125010);


insert into catissue_participant (identifier, last_name, first_name, middle_name, birth_date, gender, genotype, ethnicity, social_security_number, activity_status, vital_status) values (1225, 'Test', 'PCH Patient 3-3', '', '2009-03-01', 'Male Gender', 'Unknown', 'Hispanic or Latino', '999-99-9999', 'Active', 'Unknown');
insert into catissue_race (participant_id, race_name) values (1225, 'Asian');
insert into catissue_part_medical_id (participant_id, site_id, medical_record_number) values (1225, 1005, 'test-PCH-3-3');
insert into catissue_coll_prot_reg (protocol_participant_id, registration_date, participant_id, collection_protocol_id, activity_status) values ('test-reg-PCH-3-3', '2009-03-02', 1225, 1209, 'Active');

insert into catissue_abs_speci_coll_group (identifier, clinical_diagnosis, clinical_status, activity_status, site_id) values (1268, 'Polygonal cell carcinoma', 'Not Specified', 'Active', 1005);
insert into catissue_specimen_coll_group (identifier, name, barcode, comments, encounter_timestamp, collection_protocol_reg_id, surgical_pathology_number, collection_protocol_event_id, collection_status, date_offset) values (1268, 'test-scg-3-3-1', null, '', null, (select max(identifier) from catissue_coll_prot_reg), '', 1201, 'Complete', 0);
insert into catissue_specimen_event_param (identifier, specimen_coll_grp_id, user_id, event_timestamp) values (1263, 1268, (select max(identifier) from catissue_user), '2010-04-01');
insert into catissue_specimen_event_param (identifier, specimen_coll_grp_id, user_id, event_timestamp) values (1264, 1268, (select max(identifier) from catissue_user), '2010-04-01');
insert into catissue_coll_event_param (identifier, collection_procedure, container) values (1263, 'Indwelling Catheter', 'Use CP Defaults');
insert into catissue_received_event_param (identifier, received_quality) values (1264, 'Use CP Defaults');
insert into catissue_specimen_char (identifier, tissue_site, tissue_side) values (1262, 'Connective, Subcutaneous and other Soft tissues, NOS', 'Not Specified');
insert into catissue_abstract_specimen (identifier, specimen_class, specimen_type, lineage, pathological_status, specimen_characteristics_id, initial_quantity) values (1266, 'Tissue', 'Frozen Tissue', 'New', 'Not Specified', 1262, 50.0);
insert into catissue_specimen (identifier, label, available, barcode, comments, activity_status, specimen_collection_group_id, req_specimen_id, available_quantity, created_on_date, collection_status) values (1266, 'test-PCH-3-3-1', true, 'test-PCH-3-3-1', null, 'Active', 1268, 1201, 165.0, '2010-04-01', 'Collected');
insert into catissue_tissue_specimen (identifier) values (1266);
insert into catissue_external_identifier (specimen_id) values (1266);
insert into catissue_specimen_event_param (identifier, specimen_id, user_id, event_timestamp) values (1265, 1266, (select max(identifier) from catissue_user), '2010-04-01');
insert into catissue_specimen_event_param (identifier, specimen_id, user_id, event_timestamp) values (1266, 1266, (select max(identifier) from catissue_user), '2010-04-01');
insert into catissue_coll_event_param (identifier, collection_procedure, container) values (1265, 'Not Specified', 'Not Specified');
insert into catissue_received_event_param (identifier, received_quality) values (1266, 'Not Specified');
insert into catissue_abstract_position (position_dimension_one, position_dimension_two) values (1, 1);
insert into catissue_specimen_position (identifier, specimen_id, container_id) values ((select max(identifier) from catissue_abstract_position), 1266, 1007);
insert into DE_E_1984 (IDENTIFIER, DYEXTN_AS_4_1971, DE_AT_1988, DE_AT_1989, DE_AT_1990, DE_AT_1994, DE_AT_1996, DE_AT_1995, activity_status, DE_AT_1993) values (1266, 1266, false, 75, 85, -100, 75, 15, 'Active', 'OCT');
insert into catissue_audit_event (identifier, ip_address, event_timestamp, user_id, comments) values (126010, null, now(), (select max(identifier) from catissue_user), '');
insert into catissue_audit_event_log (identifier, object_identifier, object_name, event_type, audit_event_id) values (126010, 1266, 'catissue_tissue_specimen', 'INSERT', 126010);
insert into catissue_audit_event_details (identifier, element_name, previous_value, current_value, audit_event_log_id) values (126010, 'BARCODE', null, 'test-PCH-3-3-1', 126010);

insert into catissue_abs_speci_coll_group (identifier, clinical_diagnosis, clinical_status, activity_status, site_id) values (1278, 'Mixed acidophil-basophil carcinoma', 'Not Specified', 'Active', 1005);
insert into catissue_specimen_coll_group (identifier, name, barcode, comments, encounter_timestamp, collection_protocol_reg_id, surgical_pathology_number, collection_protocol_event_id, collection_status, date_offset) values (1278, 'test-scg-3-3-2', null, '', null, (select max(identifier) from catissue_coll_prot_reg), '', 1201, 'Complete', 0);
insert into catissue_specimen_event_param (identifier, specimen_coll_grp_id, user_id, event_timestamp) values (1273, 1278, (select max(identifier) from catissue_user), '2010-04-01');
insert into catissue_specimen_event_param (identifier, specimen_coll_grp_id, user_id, event_timestamp) values (1274, 1278, (select max(identifier) from catissue_user), '2010-04-01');
insert into catissue_coll_event_param (identifier, collection_procedure, container) values (1273, 'Needle Core Biopsy', 'Use CP Defaults');
insert into catissue_received_event_param (identifier, received_quality) values (1274, 'Use CP Defaults');
insert into catissue_specimen_char (identifier, tissue_site, tissue_side) values (1272, 'Gastrointestinal tract, NOS', 'Not Specified');
insert into catissue_abstract_specimen (identifier, specimen_class, specimen_type, lineage, pathological_status, specimen_characteristics_id, initial_quantity) values (1276, 'Cell', 'Frozen Cell Pellet', 'New', 'Not Specified', 1272, 50.0);
insert into catissue_specimen (identifier, label, available, barcode, comments, activity_status, specimen_collection_group_id, req_specimen_id, available_quantity, created_on_date, collection_status) values (1276, 'test-PCH-3-3-2', true, 'test-PCH-3-3-2', null, 'Active', 1278, 1201, 170.0, '2010-04-01', 'Collected');
insert into catissue_cell_specimen (identifier) values (1276);
insert into catissue_external_identifier (specimen_id) values (1276);
insert into catissue_specimen_event_param (identifier, specimen_id, user_id, event_timestamp) values (1275, 1276, (select max(identifier) from catissue_user), '2010-04-01');
insert into catissue_specimen_event_param (identifier, specimen_id, user_id, event_timestamp) values (1276, 1276, (select max(identifier) from catissue_user), '2010-04-01');
insert into catissue_coll_event_param (identifier, collection_procedure, container) values (1275, 'Not Specified', 'Not Specified');
insert into catissue_received_event_param (identifier, received_quality) values (1276, 'Not Specified');
insert into catissue_abstract_position (position_dimension_one, position_dimension_two) values (1, 1);
insert into catissue_specimen_position (identifier, specimen_id, container_id) values ((select max(identifier) from catissue_abstract_position), 1276, 1007);
insert into DE_E_1984 (IDENTIFIER, DYEXTN_AS_4_1971, DE_AT_1988, DE_AT_1989, DE_AT_1990, DE_AT_1994, DE_AT_1996, DE_AT_1995, activity_status, DE_AT_1993) values (1276, 1276, true, null, null, -80, 50, 30, 'Active', 'EDTA');
insert into catissue_audit_event (identifier, ip_address, event_timestamp, user_id, comments) values (127010, null, now(), (select max(identifier) from catissue_user), '');
insert into catissue_audit_event_log (identifier, object_identifier, object_name, event_type, audit_event_id) values (127010, 1276, 'catissue_tissue_specimen', 'INSERT', 127010);
insert into catissue_audit_event_details (identifier, element_name, previous_value, current_value, audit_event_log_id) values (127010, 'BARCODE', null, 'test-PCH-3-3-2', 127010);

insert into catissue_abs_speci_coll_group (identifier, clinical_diagnosis, clinical_status, activity_status, site_id) values (1288, 'Cloacogenic carcinoma', 'Not Specified', 'Active', 1005);
insert into catissue_specimen_coll_group (identifier, name, barcode, comments, encounter_timestamp, collection_protocol_reg_id, surgical_pathology_number, collection_protocol_event_id, collection_status, date_offset) values (1288, 'test-scg-3-3-3', null, '', null, (select max(identifier) from catissue_coll_prot_reg), '', 1201, 'Complete', 0);
insert into catissue_specimen_event_param (identifier, specimen_coll_grp_id, user_id, event_timestamp) values (1283, 1288, (select max(identifier) from catissue_user), '2010-04-01');
insert into catissue_specimen_event_param (identifier, specimen_coll_grp_id, user_id, event_timestamp) values (1284, 1288, (select max(identifier) from catissue_user), '2010-04-01');
insert into catissue_coll_event_param (identifier, collection_procedure, container) values (1283, 'Surgical Resection', 'Use CP Defaults');
insert into catissue_received_event_param (identifier, received_quality) values (1284, 'Use CP Defaults');
insert into catissue_specimen_char (identifier, tissue_site, tissue_side) values (1282, 'Greater curvature of stomach, NOS', 'Not Specified');
insert into catissue_abstract_specimen (identifier, specimen_class, specimen_type, lineage, pathological_status, specimen_characteristics_id, initial_quantity) values (1286, 'Molecular', 'Whole Genome Amplified DNA', 'New', 'Not Specified', 1282, 50.0);
insert into catissue_specimen (identifier, label, available, barcode, comments, activity_status, specimen_collection_group_id, req_specimen_id, available_quantity, created_on_date, collection_status) values (1286, 'test-PCH-3-3-3', true, 'test-PCH-3-3-3', null, 'Active', 1288, 1201, 175.0, '2010-04-01', 'Collected');
insert into catissue_molecular_specimen (identifier) values (1286);
insert into catissue_external_identifier (specimen_id) values (1286);
insert into catissue_specimen_event_param (identifier, specimen_id, user_id, event_timestamp) values (1285, 1286, (select max(identifier) from catissue_user), '2010-04-01');
insert into catissue_specimen_event_param (identifier, specimen_id, user_id, event_timestamp) values (1286, 1286, (select max(identifier) from catissue_user), '2010-04-01');
insert into catissue_coll_event_param (identifier, collection_procedure, container) values (1285, 'Not Specified', 'Not Specified');
insert into catissue_received_event_param (identifier, received_quality) values (1286, 'Not Specified');
insert into catissue_abstract_position (position_dimension_one, position_dimension_two) values (1, 1);
insert into catissue_specimen_position (identifier, specimen_id, container_id) values ((select max(identifier) from catissue_abstract_position), 1286, 1007);
insert into DE_E_1984 (IDENTIFIER, DYEXTN_AS_4_1971, DE_AT_1988, DE_AT_1989, DE_AT_1990, DE_AT_1994, DE_AT_1996, DE_AT_1995, activity_status, DE_AT_1993) values (1286, 1286, false, 80, 90, -100, 75, 15, 'Active', 'Citrate');
insert into catissue_audit_event (identifier, ip_address, event_timestamp, user_id, comments) values (128010, null, now(), (select max(identifier) from catissue_user), '');
insert into catissue_audit_event_log (identifier, object_identifier, object_name, event_type, audit_event_id) values (128010, 1286, 'catissue_tissue_specimen', 'INSERT', 128010);
insert into catissue_audit_event_details (identifier, element_name, previous_value, current_value, audit_event_log_id) values (128010, 'BARCODE', null, 'test-PCH-3-3-3', 128010);



insert into catissue_specimen_protocol (identifier, principal_investigator_id, title, short_title, start_date, enrollment, activity_status) values (1051, (select max(identifier) from catissue_user), 'test-distribution-protocol', 'test-distribution-protocol', '2009-03-01', 0, 'Active');
insert into catissue_distribution_protocol (identifier) values (1051);
insert into catissue_distribution_spec_req (specimen_class, specimen_type, tissue_site, pathology_status, quantity, distribution_protocol_id) values ('Tissue', 'Frozen Tissue', 'Appendix', 'Maignant', 5.0, 1051);
insert into catissue_site (identifier, name, type, email_address, user_id, activity_status, address_id) values (1006, 'test-site-2', 'Repository', 'test-site-2@test.com', (select max(identifier) from catissue_user), 'Active', (select max(identifier) from catissue_address));
insert into csm_protection_element (protection_element_name, protection_element_description, object_id, attribute, protection_element_type, application_id, update_date) values ('edu.wustl.catissuecore.domain.Site_1006', 'edu.wustl.catissuecore.domain.Site object', 'edu.wustl.catissuecore.domain.Site_1006', '', '', (select max(application_id) from csm_application), now());
insert into csm_pg_pe (protection_group_id, protection_element_id) values ((select protection_group_id from csm_protection_group where protection_group_name = 'PUBLIC_DATA_GROUP'), (select max(protection_element_id) from csm_protection_element));
